classes,ncloc,functions,duplicated_lines,skipped_tests,coverage,complexity,comment_lines,comment_lines_density,duplicated_lines_density,files,file_complexity,violations,duplicated_blocks,duplicated_files,lines,statements,blocker_violations,critical_violations,major_violations,minor_violations,info_violations,lines_to_cover,line_coverage,conditions_to_cover,branch_coverage,sqale_index,sqale_rating,false_positive_issues,open_issues,reopened_issues,confirmed_issues,sqale_debt_ratio,new_sqale_debt_ratio,code_smells,bugs,effort_to_reach_maintainability_rating_a,reliability_remediation_effort,reliability_rating,security_remediation_effort,security_rating,cognitive_complexity,new_development_cost,security_hotspots,security_review_rating,Toxico
2746,150425,13115,35006,0,35.7,27307,41948,21.8,12.4,2521,11,10274,1302,455,282240,60159,43,2308,2824,4813,286,71695,38.3,28772,29.2,78749,1,1,10273,1,0,1.7,0,10044,216,0,2603,3,225,5,23576,0,246,5,0
2746,150425,13115,35006,0,35.6,27307,41948,21.8,12.4,2521,11,10279,1302,455,282240,60159,43,2308,2829,4813,286,71695,38.2,28772,29.2,78899,1,1,10278,1,0,1.7,0,10049,216,0,2603,3,225,5,23576,0,246,5,0
2734,149867,13078,34838,0,0,27234,41918,21.9,12.5,2510,11,10845,1294,451,279024,60015,51,2336,2904,5274,280,72676,0,0,0,133295,1,0,10845,0,0,3,4.85958486,10629,200,0,2323,5,270,5,23503,16380,252,1,0
0,0,0,0,0,0,0,0,0,0,0,0,0,0,0,0,0,0,0,0,0,0,0,0,0,0,0,0,0,0,0,0,0,0,0,0,0,0,0,0,0,0,0,0,0,1
6192,342231,27231,34986,0,50.3,72655,53037,13.4,6,5899,12.3,22151,2175,862,583009,146251,2,3073,4264,14306,506,163621,54.2,92549,43.3,136687,1,0,22151,0,0,1.3,0,21958,179,0,2236,4,210,2,78845,540,0,1,0
6192,342231,27231,34986,0,50.3,72655,53037,13.4,6,5899,12.3,22151,2175,862,583009,146251,2,3073,4264,14306,506,163621,54.2,92549,43.4,136687,1,0,22151,0,0,1.3,0,21958,179,0,2236,4,210,2,78845,540,0,1,0
6141,340801,27090,35138,0,49.4,72325,52862,13.4,6.1,5851,12.4,23569,2177,864,580004,145792,2,3123,5068,14870,506,163022,53.3,92193,42.6,182567,1,0,23569,0,0,1.8,0.548302872,23262,165,0,2026,4,1490,2,78761,34470,0,1,0
0,0,0,0,0,0,0,0,0,0,0,0,0,0,0,0,0,0,0,0,0,0,0,0,0,0,0,0,0,0,0,0,0,0,0,0,0,0,0,0,0,0,0,0,0,1
2923,549902,34023,13142,54,24.1,78366,63868,10.4,1.7,3224,29,17258,556,168,783618,259030,600,3411,5731,7195,321,190166,25.3,59925,20.5,181146,1,5,17258,0,0,1.1,0.987808835,16514,622,0,7065,5,2304,5,77996,215730,107,5,2
2896,547875,33883,12806,54,24.3,78093,63784,10.4,1.6,3194,29.2,17301,538,161,780826,258527,594,3448,5712,7223,324,189648,25.4,59862,20.6,181057,1,4,17301,0,0,1.1,1.219179973,16559,620,0,7100,5,2304,5,77883,1666530,110,5,2
2857,528661,33982,12716,85,24.6,79223,64906,10.9,1.6,3159,30,23992,541,173,773122,265734,662,3815,9230,9766,519,186369,25.9,59866,20.7,214490,1,0,23992,0,0,1.4,0.70316173,23221,654,0,7256,5,2164,5,79538,340320,143,5,2
2803,519799,33531,15560,85,24.6,78249,63974,11,2,3097,30.2,22717,624,189,761335,262789,670,3782,8026,9723,516,182982,26,60225,20.3,208303,1,0,22717,0,0,1.3,0.969932105,21951,651,0,7107,5,2132,5,78773,1886730,134,5,2
2536,461716,30974,14403,85,27.1,72609,59412,11.4,2.1,2808,31.1,21248,579,178,695142,239985,587,3536,7609,8985,531,162620,29.3,60103,21.1,198292,1,0,21248,0,0,1.4,1.236334355,20561,573,0,6312,5,2112,5,73793,322890,102,5,2
2393,430636,29646,14535,104,26.6,68716,50024,10.4,2.2,2669,31.2,19875,601,183,652063,226143,559,3275,7125,8417,499,151701,28.9,57138,20.3,184451,1,0,19875,0,0,1.4,13.3974359,19224,539,0,5923,5,2052,5,69465,1560,105,1,0
0,0,0,0,0,0,0,0,0,0,0,0,0,0,0,0,0,0,0,0,0,0,0,0,0,0,0,0,0,0,0,0,0,0,0,0,0,0,0,0,0,0,0,0,0,1
2776,226953,15129,23597,0,24.9,34673,44151,16.3,6.4,2535,14.6,8211,1544,410,367457,89039,12,179,4877,3020,123,140247,24.4,33199,26.6,130795,1,102,8211,0,0,1.9,0.489607792,8187,22,0,385,5,30,4,30481,114990,21,5,0
2726,224192,14747,23076,0,18.2,34361,41426,15.6,6.4,2524,14.5,8888,1540,410,359420,89604,149,466,5028,3125,120,126453,17.5,32905,20.5,136260,1,108,8888,0,0,2,0,8848,38,0,485,5,30,4,30741,13770,21,5,0
0,0,0,0,0,0,0,0,0,0,0,0,0,0,0,0,0,0,0,0,0,0,0,0,0,0,0,0,0,0,0,0,0,0,0,0,0,0,0,0,0,0,0,0,0,1
0,0,0,0,0,0,0,0,0,0,0,0,0,0,0,0,0,0,0,0,0,0,0,0,0,0,0,0,0,0,0,0,0,0,0,0,0,0,0,0,0,0,0,0,0,1
2353,133113,14369,7212,270,71.4,20515,26817,16.8,3.2,2006,12.3,2549,270,164,228939,33635,65,306,1209,861,108,47349,72.1,11115,68.7,26629,1,52,2549,0,0,0.7,0.389714103,2457,92,0,1304,5,0,1,7303,62610,0,1,0
2356,133169,14383,7350,270,71.4,20526,26817,16.8,3.2,2007,12.3,2551,272,166,229031,33648,65,306,1211,861,108,47370,72,11115,68.7,26669,1,52,2551,0,0,0.7,0.453167385,2459,92,0,1304,5,0,1,7303,62670,0,1,0
0,0,0,0,0,0,0,0,0,0,0,0,0,0,0,0,0,0,0,0,0,0,0,0,0,0,0,0,0,0,0,0,0,0,0,0,0,0,0,0,0,0,0,0,0,1
2320,131986,14204,7140,270,71.3,20313,26471,16.7,3.1,1990,12.3,2530,266,161,226838,33356,65,306,1201,850,108,46937,72,11057,68.6,26433,1,52,2530,0,0,0.7,0.07301935,2440,90,0,1264,5,0,1,7268,54780,0,1,0
2320,131824,14204,7113,270,71.3,20313,26469,16.7,3.1,1990,12.3,2535,264,159,226672,33356,65,306,1206,850,108,46937,71.9,11057,68.6,26428,1,52,2535,0,0,0.7,0.0039801,2445,90,0,1264,5,0,1,7268,50250,0,1,0
2320,131823,14204,7113,270,71.3,20313,26469,16.7,3.1,1990,12.3,2535,264,159,226671,33356,65,306,1206,850,108,46937,71.9,11057,68.6,26428,1,52,2535,0,0,0.7,0.0039801,2445,90,0,1264,5,0,1,7268,50250,0,1,0
2320,131767,14200,7113,270,71.3,20294,26468,16.7,3.1,1990,12.3,2535,264,159,226608,33330,65,306,1206,850,108,46906,71.9,11039,68.5,26428,1,52,2535,0,0,0.7,0.004120313,2445,90,0,1264,5,0,1,7257,48540,0,1,0
2320,131773,14200,7113,270,71.3,20296,26469,16.7,3.1,1990,12.3,2535,264,159,226615,33334,65,306,1206,850,108,46909,71.9,11041,68.5,26428,1,52,2535,0,0,0.7,0.003898635,2445,90,0,1264,5,0,1,7259,51300,0,1,0
2296,130619,14010,7113,262,71.1,20071,26190,16.7,3.2,1981,12.2,2522,264,159,224587,32973,65,306,1195,851,105,46417,71.9,10943,68.1,26336,1,52,2522,0,0,0.7,0,2432,90,0,1264,5,0,1,7203,13170,0,1,0
2296,130619,14010,7113,262,71.1,20071,26190,16.7,3.2,1981,12.2,2522,264,159,224587,32973,65,306,1195,851,105,46417,71.9,10943,68,26336,1,52,2522,0,0,0.7,0.178015131,2432,90,0,1264,5,0,1,7203,22470,0,1,0
2296,130619,14010,7113,262,71.1,20071,26190,16.7,3.2,1981,12.2,2522,264,159,224587,32973,65,306,1195,851,105,46417,71.9,10943,68,26336,1,52,2522,0,0,0.7,0.342759212,2432,90,0,1264,5,0,1,7203,23340,0,1,0
0,0,0,0,0,0,0,0,0,0,0,0,0,0,0,0,0,0,0,0,0,0,0,0,0,0,0,0,0,0,0,0,0,0,0,0,0,0,0,0,0,0,0,0,0,1
2296,130541,14009,7113,262,71.1,20061,26178,16.7,3.2,1980,12.2,2520,264,159,224489,32960,65,305,1194,851,105,46404,71.9,10939,68.1,26296,1,52,2520,0,0,0.7,0.196367207,2430,90,0,1264,5,0,1,7196,20370,0,1,0
2296,130541,14009,7113,262,71.1,20061,26178,16.7,3.2,1980,12.2,2520,264,159,224489,32960,65,305,1194,851,105,46404,71.9,10939,68,26296,1,52,2520,0,0,0.7,0.171600172,2430,90,0,1264,5,0,1,7196,23310,0,1,0
2293,130359,13981,6899,262,71.1,20021,26083,16.7,3.1,1978,12.2,2517,257,158,224093,32900,65,305,1192,850,105,46324,71.8,10913,68,26206,1,51,2517,0,0,0.7,0,2427,90,0,1264,5,0,1,7187,14040,0,1,0
2293,130359,13981,6899,262,71.1,20021,26083,16.7,3.1,1978,12.2,2517,257,158,224093,32900,65,305,1192,850,105,46324,71.8,10913,68,26206,1,51,2517,0,0,0.7,0,2427,90,0,1264,5,0,1,7187,14910,0,1,0
2293,130329,13977,6949,262,71.1,20011,26062,16.7,3.1,1978,12.2,2516,257,158,224024,32886,65,304,1192,850,105,46308,71.8,10897,68.1,26200,1,51,2516,0,0,0.7,0,2426,90,0,1264,5,0,1,7181,16980,0,1,0
2293,130229,13977,6949,262,71.2,20011,26038,16.7,3.1,1976,12.2,2514,257,158,223890,32886,65,304,1191,849,105,46308,71.9,10897,68.2,26190,1,51,2514,0,0,0.7,0,2424,90,0,1264,5,0,1,7181,14490,0,1,0
2293,130229,13977,6949,262,71.1,20011,26038,16.7,3.1,1976,12.2,2514,257,158,223890,32886,65,304,1191,849,105,46308,71.8,10897,68.1,26190,1,51,2514,0,0,0.7,0,2424,90,0,1264,5,0,1,7181,14940,0,1,0
0,0,0,0,0,0,0,0,0,0,0,0,0,0,0,0,0,0,0,0,0,0,0,0,0,0,0,0,0,0,0,0,0,0,0,0,0,0,0,0,0,0,0,0,0,1
2293,130107,13974,6949,262,71.1,20002,26014,16.7,3.1,1974,12.2,2514,257,158,223730,32874,65,304,1191,849,105,46295,71.9,10881,68.1,26190,1,51,2514,0,0,0.7,0.191256831,2424,90,0,1264,5,0,1,7175,18300,0,1,0
0,0,0,0,0,0,0,0,0,0,0,0,0,0,0,0,0,0,0,0,0,0,0,0,0,0,0,0,0,0,0,0,0,0,0,0,0,0,0,0,0,0,0,0,0,1
2293,130095,13973,6949,262,71.1,20001,26013,16.7,3.1,1974,12.2,2514,257,158,223712,32871,65,304,1191,849,105,46291,71.8,10881,68.1,26190,1,51,2514,0,0,0.7,1.055473736,2424,90,0,1264,5,0,1,7175,20370,0,1,0
2293,130081,13973,6949,262,71.1,20001,26012,16.7,3.1,1974,12.2,2514,257,158,223697,32871,65,304,1191,849,105,46291,71.8,10881,68.1,26190,1,51,2514,0,0,0.7,0.968783638,2424,90,0,1264,5,0,1,7175,27870,0,1,0
2293,130077,13973,6949,262,71,20001,26012,16.7,3.1,1974,12.2,2523,257,158,223693,32863,70,304,1195,849,105,46286,71.7,10877,68.1,26180,1,44,2517,6,0,0.7,0.995575221,2423,94,0,1319,5,90,5,7169,27120,0,1,0
2291,129764,13935,6703,262,71.1,19947,25888,16.6,3,1972,12.2,2514,249,153,223147,32751,68,309,1181,851,105,46144,71.8,10847,68.1,25890,1,43,2514,0,0,0.7,0.025100402,2408,94,0,1319,5,140,5,7150,19920,33,5,0
2289,129557,13903,6703,262,71,19898,25774,16.6,3,1971,12.2,2509,249,153,222708,32679,65,309,1180,850,105,46053,71.8,10813,68,25850,1,42,2509,0,0,0.7,0,2403,94,0,1319,5,140,5,7138,16380,33,5,0
2289,129557,13903,6703,262,71,19898,25774,16.6,3,1971,12.2,2509,249,153,222708,32679,65,309,1180,850,105,46053,71.7,10813,68,25850,1,42,2509,0,0,0.7,0,2403,94,0,1319,5,140,5,7138,16320,33,5,0
2289,129558,13901,6703,262,71,19898,25767,16.6,3,1971,12.2,2509,249,153,222698,32678,65,309,1180,850,105,46056,71.7,10816,68,25850,1,42,2509,0,0,0.7,0.002604167,2403,94,0,1319,5,140,5,7139,38400,33,5,0
2289,129486,13893,6682,262,71,19883,25759,16.6,3,1971,12.1,2507,247,153,222598,32650,65,309,1178,850,105,46024,71.7,10794,67.9,25790,1,42,2507,0,0,0.7,0.00281294,2401,94,0,1319,5,140,5,7130,35550,33,5,0
2289,129436,13893,6682,262,70.9,19883,25747,16.6,3,1970,12.1,2514,247,153,222531,32650,65,309,1185,850,105,46024,71.7,10794,67.8,25790,1,37,2514,0,0,0.7,0.314569536,2401,101,0,1409,5,140,5,7130,108720,33,5,0
2288,129402,13889,6682,262,70.9,19878,25738,16.6,3,1969,12.2,2518,247,153,222459,32640,65,309,1185,850,109,46007,71.7,10792,67.8,25790,1,37,2518,0,0,0.7,0.318791946,2405,101,0,1409,5,140,5,7129,107280,33,5,0
2281,128974,13813,6391,262,70.8,19761,25530,16.5,2.9,1965,12.1,2505,239,149,221529,32468,65,309,1177,849,105,45816,71.5,10750,67.5,25549,1,37,2505,0,0,0.7,0.369888274,2392,101,0,1409,5,140,5,7120,92190,33,5,0
2255,127707,13685,6338,262,71.1,19573,25404,16.6,2.9,1943,12.1,2415,237,148,219459,32099,65,305,1125,818,102,45343,72,10726,67.4,25099,1,37,2415,0,0,0.7,0,2310,93,0,1309,5,140,5,7045,17520,33,5,0
2256,127749,13700,6338,262,71.1,19601,25404,16.6,2.9,1944,12.2,2420,237,148,219537,32125,65,305,1129,818,103,45360,72,10738,67.5,25174,1,37,2420,0,0,0.7,0.452609159,2315,93,0,1309,5,140,5,7037,18780,33,5,0
2255,127707,13685,6338,262,71.1,19573,25404,16.6,2.9,1943,12.1,2415,237,148,219459,32099,65,305,1125,818,102,45343,72,10726,67.4,25099,1,37,2415,0,0,0.7,0,2310,93,0,1309,5,140,5,7045,10200,33,5,0
2255,127707,13685,6338,262,71.1,19573,25404,16.6,2.9,1943,12.1,2415,237,148,219459,32099,65,305,1125,818,102,45343,72,10726,67.3,25099,1,37,2415,0,0,0.7,0,2310,93,0,1309,5,140,5,7045,10230,33,5,0
2255,127707,13685,6338,262,71.1,19573,25404,16.6,2.9,1943,12.1,2415,237,148,219459,32099,65,305,1125,818,102,45343,72,10726,67.4,25099,1,37,2415,0,0,0.7,0,2310,93,0,1309,5,140,5,7045,10230,33,5,0
2255,127707,13685,6338,262,71.1,19573,25404,16.6,2.9,1943,12.1,2415,237,148,219459,32099,65,305,1125,818,102,45343,72,10726,67.3,25099,1,37,2415,0,0,0.7,0,2310,93,0,1309,5,140,5,7045,11700,33,5,0
0,0,0,0,0,0,0,0,0,0,0,0,0,0,0,0,0,0,0,0,0,0,0,0,0,0,0,0,0,0,0,0,0,0,0,0,0,0,0,0,0,0,0,0,0,1
2255,127708,13685,6338,262,71.1,19573,25404,16.6,2.9,1943,12.1,2415,237,148,219461,32099,65,305,1125,818,102,45343,72,10726,67.4,25099,1,37,2415,0,0,0.7,0.018066847,2310,93,0,1309,5,140,5,7045,22140,33,5,0
2255,127706,13684,6338,266,71.1,19572,25403,16.6,2.9,1943,12.1,2414,237,148,219455,32100,64,305,1125,818,102,45343,71.9,10726,67.3,25089,1,37,2414,0,0,0.7,0.01826484,2309,93,0,1309,5,140,5,7045,21900,33,5,0
2255,127706,13684,6338,266,71.1,19572,25403,16.6,2.9,1943,12.1,2414,237,148,219455,32100,64,305,1125,818,102,45343,72,10726,67.4,25089,1,37,2414,0,0,0.7,0.144467935,2309,93,0,1309,5,140,5,7045,28380,33,5,0
0,0,0,0,0,0,0,0,0,0,0,0,0,0,0,0,0,0,0,0,0,0,0,0,0,0,0,0,0,0,0,0,0,0,0,0,0,0,0,0,0,0,0,0,0,1
2252,127318,13644,6338,266,71,19508,25226,16.5,2.9,1941,12.1,2411,237,148,218738,31946,63,305,1124,817,102,45159,71.8,10679,67.2,25072,1,37,2411,0,0,0.7,0.30848329,2306,93,0,1309,5,140,5,7019,23340,33,5,0
2252,127318,13644,6338,266,71,19508,25226,16.5,2.9,1941,12.1,2411,237,148,218738,31946,63,305,1124,817,102,45159,71.9,10679,67.2,25072,1,37,2411,0,0,0.7,0.30848329,2306,93,0,1309,5,140,5,7019,23340,33,5,0
2252,127318,13644,6338,266,71,19508,25226,16.5,2.9,1941,12.1,2412,237,148,218738,31946,63,305,1125,817,102,45159,71.9,10679,67.3,25072,1,36,2412,0,0,0.7,0.316100162,2306,94,0,1314,5,140,5,7019,105030,33,5,0
0,0,0,0,0,0,0,0,0,0,0,0,0,0,0,0,0,0,0,0,0,0,0,0,0,0,0,0,0,0,0,0,0,0,0,0,0,0,0,0,0,0,0,0,0,1
2249,127115,13631,6338,254,70.9,19476,25216,16.6,2.9,1939,12.1,2409,237,148,218458,31871,63,303,1124,817,102,45060,71.8,10649,67.1,25035,1,36,2409,0,0,0.7,0.28256705,2303,94,0,1314,5,140,5,6989,104400,33,5,0
2248,126983,13620,6338,254,70.9,19462,25197,16.6,2.9,1938,12.1,2404,237,148,218272,31848,62,300,1123,817,102,45009,71.8,10643,67.1,25000,1,36,2404,0,0,0.7,0.262070356,2299,93,0,1309,5,140,5,6986,99210,33,5,0
2248,126940,13616,6338,254,70.9,19452,25196,16.6,2.9,1938,12.1,2404,237,148,218227,31835,62,300,1123,817,102,44992,71.8,10634,67.1,25000,1,36,2404,0,0,0.7,0.26326448,2299,93,0,1309,5,140,5,6983,98760,33,5,0
2183,124309,13342,6338,254,71,19012,24819,16.6,3,1902,12.1,2359,237,148,213927,31056,62,295,1101,801,100,43898,71.9,10392,67,24628,1,33,2359,0,0,0.7,0,2254,93,0,1309,5,140,5,6806,14610,33,5,0
0,0,0,0,0,0,0,0,0,0,0,0,0,0,0,0,0,0,0,0,0,0,0,0,0,0,0,0,0,0,0,0,0,0,0,0,0,0,0,0,0,0,0,0,0,1
2183,124215,13343,6338,254,71,19013,24797,16.6,3,1900,12.1,2359,237,148,213805,31060,62,295,1101,801,100,43902,71.9,10392,67,24628,1,33,2359,0,0,0.7,0,2254,93,0,1309,5,140,5,6806,11250,33,5,0
2183,124215,13343,6338,254,71,19013,24797,16.6,3,1900,12.1,2359,237,148,213805,31060,62,295,1101,801,100,43902,71.9,10392,67,24628,1,33,2359,0,0,0.7,0.348162476,2254,93,0,1309,5,140,5,6806,15510,33,5,0
2183,124179,13339,6338,254,71,19005,24790,16.6,3,1900,12.1,2359,237,148,213748,31049,62,295,1101,801,100,43882,71.9,10384,67,24628,1,33,2359,0,0,0.7,0.28526149,2254,93,0,1309,5,140,5,6802,18930,33,5,0
0,0,0,0,0,0,0,0,0,0,0,0,0,0,0,0,0,0,0,0,0,0,0,0,0,0,0,0,0,0,0,0,0,0,0,0,0,0,0,0,0,0,0,0,0,1
2183,124179,13339,6338,254,71,19005,24790,16.6,3,1900,12.1,2359,237,148,213748,31049,62,295,1101,801,100,43882,71.9,10384,67,24628,1,33,2359,0,0,0.7,0.319444444,2254,93,0,1309,5,140,5,6802,21600,33,5,0
2182,124038,13319,6338,254,71,18974,24786,16.7,3,1900,12.1,2351,237,148,213575,31006,62,294,1094,801,100,43816,71.9,10362,67,24564,1,33,2351,0,0,0.7,0.08650519,2246,93,0,1309,5,140,5,6789,17340,33,5,0
2182,123887,13318,6338,254,71,18975,24745,16.6,3,1897,12.1,2351,237,148,213368,31007,62,294,1094,801,100,43818,71.9,10366,67,24564,1,33,2351,0,0,0.7,0.61014772,2246,93,0,1309,5,140,5,6794,15570,33,5,0
2182,123887,13318,6338,254,71,18975,24745,16.6,3,1897,12.1,2351,237,148,213368,31007,62,294,1094,801,100,43818,71.9,10366,67,24564,1,33,2351,0,0,0.7,0.574712644,2246,93,0,1309,5,140,5,6794,16530,33,5,0
2181,123804,13303,6338,254,70.9,18953,24741,16.7,3,1896,12,2345,237,148,213238,30979,62,294,1093,797,99,43782,71.9,10354,67,24489,1,33,2345,0,0,0.7,0.753186559,2240,93,0,1309,5,140,5,6786,51780,33,5,0
0,0,0,0,0,0,0,0,0,0,0,0,0,0,0,0,0,0,0,0,0,0,0,0,0,0,0,0,0,0,0,0,0,0,0,0,0,0,0,0,0,0,0,0,0,1
2180,123702,13296,6338,254,70.9,18938,24732,16.7,3,1895,12,2343,237,148,213099,30937,62,292,1093,797,99,43722,71.8,10336,66.9,24469,1,32,2343,0,0,0.7,0.646864686,2238,93,0,1309,5,140,5,6777,60600,33,5,0
0,0,0,0,0,0,0,0,0,0,0,0,0,0,0,0,0,0,0,0,0,0,0,0,0,0,0,0,0,0,0,0,0,0,0,0,0,0,0,0,0,0,0,0,0,1
2180,123670,13296,6338,254,70.9,18938,24732,16.7,3,1895,12,2348,237,148,213067,30937,62,292,1093,802,99,43722,71.9,10336,67,24494,1,32,2348,0,0,0.7,0.720851476,2243,93,0,1309,5,140,5,6777,62010,37,5,0
0,0,0,0,0,0,0,0,0,0,0,0,0,0,0,0,0,0,0,0,0,0,0,0,0,0,0,0,0,0,0,0,0,0,0,0,0,0,0,0,0,0,0,0,0,1
0,0,0,0,0,0,0,0,0,0,0,0,0,0,0,0,0,0,0,0,0,0,0,0,0,0,0,0,0,0,0,0,0,0,0,0,0,0,0,0,0,0,0,0,0,1
2192,123880,13300,5865,254,70.8,19020,24634,16.6,2.8,1899,12,2373,204,139,213262,31133,62,294,1098,819,100,43995,71.7,10412,67.3,24292,1,30,2373,0,0,0.7,0.480769231,2254,94,0,1319,5,270,5,6875,12480,33,5,0
0,0,0,0,0,0,0,0,0,0,0,0,0,0,0,0,0,0,0,0,0,0,0,0,0,0,0,0,0,0,0,0,0,0,0,0,0,0,0,0,0,0,0,0,0,1
2192,123818,13299,5865,254,70.8,19012,24623,16.6,2.8,1899,12,2366,204,139,213179,31095,62,294,1093,817,100,43962,71.7,10402,67.3,24242,1,30,2366,0,0,0.7,0.049603175,2247,94,0,1319,5,270,5,6873,10080,33,5,0
2192,123818,13299,5865,254,70.8,19012,24623,16.6,2.8,1899,12,2366,204,139,213179,31095,62,294,1093,817,100,43962,71.7,10402,67.3,24242,1,30,2366,0,0,0.7,0.049603175,2247,94,0,1319,5,270,5,6873,10080,33,5,0
0,0,0,0,0,0,0,0,0,0,0,0,0,0,0,0,0,0,0,0,0,0,0,0,0,0,0,0,0,0,0,0,0,0,0,0,0,0,0,0,0,0,0,0,0,1
2192,123814,13299,5865,254,70.8,19011,24623,16.6,2.8,1899,12,2373,204,139,213175,31095,62,294,1093,824,100,43960,71.7,10400,67.3,24277,1,30,2373,0,0,0.7,0,2254,94,0,1319,5,270,5,6872,9600,33,5,0
2192,123814,13299,5865,254,70.8,19011,24623,16.6,2.8,1899,12,2373,204,139,213175,31095,62,294,1093,824,100,43960,71.7,10400,67.3,24277,1,30,2373,0,0,0.7,0.378590078,2254,94,0,1319,5,270,5,6872,45960,33,5,0
2192,123814,13299,5865,254,70.8,19011,24623,16.6,2.8,1899,12,2373,204,139,213175,31095,62,294,1093,824,100,43960,71.7,10400,67.3,24277,1,30,2373,0,0,0.7,0.378590078,2254,94,0,1319,5,270,5,6872,45960,33,5,0
0,0,0,0,0,0,0,0,0,0,0,0,0,0,0,0,0,0,0,0,0,0,0,0,0,0,0,0,0,0,0,0,0,0,0,0,0,0,0,0,0,0,0,0,0,1
2192,123806,13298,5867,254,70.8,19010,24616,16.6,2.8,1899,12,2372,204,139,213157,31091,62,294,1093,824,99,43956,71.7,10400,67.3,24277,1,30,2372,0,0,0.7,0.38107753,2253,94,0,1319,5,270,5,6871,45660,33,5,0
2172,122627,13063,5709,254,70.6,18745,24146,16.5,2.7,1883,12,2346,194,134,210526,30741,62,294,1082,809,99,43548,71.5,10279,67,24028,1,30,2346,0,0,0.7,0,2227,94,0,1319,5,270,5,6798,9600,33,5,0
2172,122627,13063,5709,254,70.6,18745,24146,16.5,2.7,1883,12,2346,194,134,210526,30741,62,294,1082,809,99,43548,71.5,10279,67,24028,1,30,2346,0,0,0.7,0,2227,94,0,1319,5,270,5,6798,9600,33,5,0
2172,122627,13063,5709,254,70.6,18745,24146,16.5,2.7,1883,12,2346,194,134,210526,30741,62,294,1082,809,99,43548,71.5,10279,67,24028,1,30,2346,0,0,0.7,0,2227,94,0,1319,5,270,5,6798,9600,33,5,0
2172,122627,13063,5709,254,70.6,18745,24146,16.5,2.7,1883,12,2346,194,134,210526,30741,62,294,1082,809,99,43548,71.5,10279,67,24028,1,30,2346,0,0,0.7,0,2227,94,0,1319,5,270,5,6798,9600,33,5,0
2172,122627,13063,5709,254,70.6,18745,24146,16.5,2.7,1883,12,2346,194,134,210526,30741,62,294,1082,809,99,43548,71.5,10279,67,24028,1,30,2346,0,0,0.7,0,2227,94,0,1319,5,270,5,6798,9600,33,5,0
2172,122627,13063,5709,254,70.6,18745,24146,16.5,2.7,1883,12,2346,194,134,210526,30741,62,294,1082,809,99,43548,71.5,10279,67,24028,1,30,2346,0,0,0.7,0,2227,94,0,1319,5,270,5,6798,9600,33,5,0
0,0,0,0,0,0,0,0,0,0,0,0,0,0,0,0,0,0,0,0,0,0,0,0,0,0,0,0,0,0,0,0,0,0,0,0,0,0,0,0,0,0,0,0,0,1
2172,122626,13063,5709,254,70.6,18745,24145,16.5,2.7,1883,12,2346,194,134,210523,30741,62,294,1082,809,99,43548,71.5,10279,67,24028,1,30,2346,0,0,0.7,0,2227,94,0,1319,5,270,5,6798,9570,33,5,0
2172,122626,13063,5709,254,70.6,18745,24145,16.5,2.7,1883,12,2346,194,134,210523,30741,62,294,1082,809,99,43548,71.5,10279,67,24028,1,30,2346,0,0,0.7,0,2227,94,0,1319,5,270,5,6798,11760,33,5,0
2172,122626,13063,5709,254,70.6,18745,24145,16.5,2.7,1883,12,2346,194,134,210523,30741,62,294,1082,809,99,43548,71.5,10279,67,24028,1,30,2346,0,0,0.7,0,2227,94,0,1319,5,270,5,6798,11790,33,5,0
2172,122626,13063,5709,254,70.6,18745,24145,16.5,2.7,1883,12,2346,194,134,210523,30741,62,294,1082,809,99,43548,71.5,10279,67,24028,1,30,2346,0,0,0.7,0,2227,94,0,1319,5,270,5,6798,11790,33,5,0
2172,122626,13063,5709,254,70.6,18745,24145,16.5,2.7,1883,12,2346,194,134,210523,30741,62,294,1082,809,99,43548,71.5,10279,67,24028,1,30,2346,0,0,0.7,0.035161744,2227,94,0,1319,5,270,5,6798,14220,33,5,0
2172,122557,13060,5709,254,70.6,18741,24125,16.4,2.7,1882,12,2344,194,134,210416,30734,62,294,1082,807,99,43538,71.4,10277,66.9,21926,1,30,2344,0,0,0.6,0.04145937,2225,94,0,1299,5,270,5,6797,12060,33,5,0
0,0,0,0,0,0,0,0,0,0,0,0,0,0,0,0,0,0,0,0,0,0,0,0,0,0,0,0,0,0,0,0,0,0,0,0,0,0,0,0,0,0,0,0,0,1
2172,122557,13060,5709,254,70.6,18740,24125,16.4,2.7,1882,12,2344,194,134,210416,30734,62,294,1082,807,99,43538,71.4,10275,66.9,21926,1,30,2344,0,0,0.6,0.041666667,2225,94,0,1299,5,270,5,6797,12000,33,5,0
2172,122556,13060,5709,254,70.6,18740,24117,16.4,2.7,1882,12,2345,194,134,210407,30734,62,294,1082,807,100,43538,71.4,10275,66.9,21926,1,30,2345,0,0,0.6,0.041771094,2226,94,0,1299,5,270,5,6797,11970,33,5,0
2171,122476,13051,5709,254,70.6,18720,24116,16.5,2.7,1881,12,2344,194,134,210292,30703,62,293,1082,807,100,43498,71.5,10275,66.9,21921,1,30,2344,0,0,0.6,0.199004975,2225,94,0,1299,5,270,5,6786,10050,33,5,0
2171,122476,13051,5709,254,70.6,18720,24116,16.5,2.7,1881,12,2344,194,134,210292,30703,62,293,1082,807,100,43498,71.5,10275,66.9,21921,1,30,2344,0,0,0.6,0.198412698,2225,94,0,1299,5,270,5,6786,10080,33,5,0
2171,122476,13051,5709,254,70.6,18720,24116,16.5,2.7,1881,12,2344,194,134,210292,30703,62,293,1082,807,100,43498,71.5,10275,66.9,21921,1,30,2344,0,0,0.6,0.198412698,2225,94,0,1299,5,270,5,6786,10080,33,5,0
0,0,0,0,0,0,0,0,0,0,0,0,0,0,0,0,0,0,0,0,0,0,0,0,0,0,0,0,0,0,0,0,0,0,0,0,0,0,0,0,0,0,0,0,0,1
2171,122461,13051,5709,254,70.6,18717,24112,16.5,2.7,1881,12,2343,194,134,210268,30695,62,293,1081,807,100,43488,71.5,10269,66.9,21901,1,30,2343,0,0,0.6,0,2224,94,0,1299,5,270,5,6782,9600,33,5,0
2171,122461,13051,5709,254,70.6,18717,24112,16.5,2.7,1881,12,2343,194,134,210268,30695,62,293,1081,807,100,43488,71.5,10269,66.9,21901,1,30,2343,0,0,0.6,0,2224,94,0,1299,5,270,5,6782,9600,33,5,0
2171,122466,13051,5709,254,70.6,18717,24112,16.4,2.7,1881,12,2343,194,134,210273,30695,62,293,1081,807,100,43488,71.5,10269,66.9,21901,1,30,2343,0,0,0.6,0,2224,94,0,1299,5,270,5,6782,10380,33,5,0
2171,122466,13051,5709,254,70.6,18717,24112,16.4,2.7,1881,12,2343,194,134,210273,30695,62,293,1081,807,100,43488,71.5,10269,66.9,21901,1,30,2343,0,0,0.6,0,2224,94,0,1299,5,270,5,6782,11850,33,5,0
2171,122466,13051,5709,254,70.6,18717,24112,16.4,2.7,1881,12,2343,194,134,210273,30695,62,293,1081,807,100,43488,71.5,10269,66.9,21901,1,30,2343,0,0,0.6,0,2224,94,0,1299,5,270,5,6782,13350,33,5,0
0,0,0,0,0,0,0,0,0,0,0,0,0,0,0,0,0,0,0,0,0,0,0,0,0,0,0,0,0,0,0,0,0,0,0,0,0,0,0,0,0,0,0,0,0,1
2171,122466,13051,5709,254,70.6,18717,24112,16.4,2.7,1881,12,2343,194,134,210273,30695,62,293,1081,807,100,43488,71.5,10269,66.9,21901,1,30,2343,0,0,0.6,0,2224,94,0,1299,5,270,5,6782,13710,33,5,0
2171,122461,13050,5709,254,70.6,18715,24113,16.5,2.7,1881,12,2321,194,134,210265,30695,62,293,1059,807,100,43486,71.5,10263,66.9,21891,1,30,2321,0,0,0.6,0,2202,94,0,1299,5,270,5,6781,12900,33,5,0
2171,122360,13050,5709,254,70.6,18715,24089,16.4,2.7,1879,12,2321,194,134,210130,30695,62,293,1059,807,100,43486,71.5,10263,66.9,21891,1,30,2321,0,0,0.6,0,2202,94,0,1299,5,270,5,6781,15510,33,5,0
2171,122360,13050,5709,254,70.6,18715,24089,16.4,2.7,1879,12,2321,194,134,210130,30695,62,293,1059,807,100,43486,71.5,10263,66.9,21891,1,30,2321,0,0,0.6,0,2202,94,0,1299,5,270,5,6781,15900,33,5,0
2171,122352,13050,5709,254,70.6,18715,24088,16.4,2.7,1879,12,2321,194,134,210121,30695,62,293,1059,807,100,43486,71.5,10263,66.8,21891,1,30,2321,0,0,0.6,0,2202,94,0,1299,5,270,5,6781,15600,33,5,0
0,0,0,0,0,0,0,0,0,0,0,0,0,0,0,0,0,0,0,0,0,0,0,0,0,0,0,0,0,0,0,0,0,0,0,0,0,0,0,0,0,0,0,0,0,1
773,45668,3914,949,13,74.8,5950,8584,15.8,1,1031,5.9,362,28,21,93976,17440,0,17,201,142,2,13745,74.8,0,0,2178,1,16,362,0,0,0.2,0.122280451,316,46,0,320,3,0,1,3126,62970,2,1,1
737,43748,3755,933,13,73,5637,8100,15.6,1,994,5.8,351,28,21,90613,16536,0,14,194,141,2,12797,73,0,0,2111,1,16,351,0,0,0.2,0,305,46,0,320,3,0,1,2918,0,9,1,1
735,43512,3740,925,24,73.5,5610,8054,15.6,1.1,990,5.8,350,28,21,83697,16394,0,14,193,141,2,12504,73.5,0,0,2091,1,16,350,0,0,0.2,1.418439716,304,46,0,320,3,0,1,2914,2820,9,1,1
0,0,0,0,0,0,0,0,0,0,0,0,0,0,0,0,0,0,0,0,0,0,0,0,0,0,0,0,0,0,0,0,0,0,0,0,0,0,0,0,0,0,0,0,0,1
0,0,0,0,0,0,0,0,0,0,0,0,0,0,0,0,0,0,0,0,0,0,0,0,0,0,0,0,0,0,0,0,0,0,0,0,0,0,0,0,0,0,0,0,0,1
734,43369,3734,928,24,73.3,5571,8051,15.7,1.1,990,5.7,772,27,20,83485,16318,0,16,614,140,2,12440,73.3,0,0,2648,1,18,772,0,0,0.2,0.205761317,726,46,0,320,3,0,1,2880,2430,9,1,1
464,34742,2764,1077,8,48.2,4343,7184,17.1,1.5,710,6.2,739,33,22,71122,12209,1,9,602,125,2,18694,48.2,0,0,2306,1,18,739,0,0,0.2,0,696,42,0,260,3,30,5,2327,6870,8,1,1
456,34314,2719,1072,8,77.1,4268,6989,16.9,1.5,700,6.2,801,33,22,70029,12066,0,51,576,172,2,11775,77.1,0,0,2490,1,23,797,4,0,0.2,0.340136054,763,38,0,165,3,0,1,2290,1470,0,1,1
456,34274,2712,1074,8,77.1,4258,6969,16.9,1.5,700,6.2,793,33,22,69950,12040,0,45,574,172,2,11773,77.1,0,0,2473,1,23,789,4,0,0.2,0,756,37,0,160,2,0,1,2285,570,0,1,1
455,34148,2702,1066,8,77.1,4236,6932,16.9,1.5,699,6.2,799,33,22,69698,11973,0,37,583,171,8,11719,77.1,0,0,2958,1,17,799,0,0,0.3,0.169491525,752,47,0,265,3,0,1,2272,7080,65,1,1
475,34208,2748,1233,9,75.8,4307,7130,17.2,1.8,719,6.1,183,36,25,70020,12028,0,5,116,55,7,11583,75.8,0,0,2119,1,17,183,0,0,0.2,0.315420561,142,41,0,160,3,0,1,2283,51360,79,1,1
440,31561,2511,1006,9,74.4,3931,6836,17.8,1.5,683,5.9,126,29,20,66062,11064,0,5,65,47,9,10922,74.4,0,0,1872,1,19,125,0,1,0.2,0.641562064,88,38,0,165,2,0,1,2063,7170,1,1,1
435,30402,2428,742,9,73.1,3818,6659,18,1.1,680,5.7,213,27,19,64841,10766,0,5,113,91,4,10507,73.1,0,0,1481,1,20,212,0,1,0.2,0,111,102,0,428,3,0,1,2027,1230,4,1,1
435,30279,2428,742,9,73.1,3817,6485,17.6,1.1,680,5.7,200,27,19,64843,10760,0,5,101,90,4,10507,73.1,0,0,1476,1,20,199,0,1,0.2,0,110,90,0,313,3,0,1,2028,20550,10,1,1
432,30165,2418,748,9,73,3799,6450,17.6,1.2,677,5.7,200,27,19,64614,10684,0,5,101,90,4,10464,73,0,0,1476,1,20,199,0,1,0.2,0.129032258,110,90,0,313,3,0,1,2018,60450,10,1,1
412,27717,2209,750,9,66.7,3459,6043,17.9,0.8,669,5.3,197,29,19,60541,9837,0,3,140,51,3,9873,66.7,0,0,1759,1,27,195,0,2,0.2,0,151,46,0,200,3,0,1,1848,9960,0,0,1
413,27730,2210,876,9,66.8,3471,5993,17.8,1,669,5.3,197,31,21,60195,9840,0,3,140,51,3,9890,66.8,0,0,1759,1,50,195,0,2,0.2,0,151,46,0,200,3,0,1,1860,66330,0,0,1
390,47805,2085,732,9,66.6,3318,6521,12,0.7,853,4,173,29,18,83166,9677,0,3,112,55,3,9477,66.6,0,0,1189,1,34,170,0,3,0.1,0,127,46,0,200,3,0,1,1785,265230,0,0,1
389,47689,2076,732,9,66.4,3295,6465,11.9,0.7,852,3.9,173,29,18,82928,9620,0,3,112,55,3,9408,66.4,0,0,1189,1,34,170,0,3,0.1,0,127,46,0,200,3,0,1,1762,263970,0,0,1
374,45549,2057,731,9,65.8,3274,6411,12.3,0.7,822,4.1,174,29,18,79772,9434,0,3,112,56,3,9177,65.8,0,0,1189,1,34,171,0,3,0.1,0,127,47,0,202,3,0,1,1743,178140,0,0,1
332,40453,1852,595,9,64.9,3035,5913,12.8,0.8,773,4,284,29,14,72345,8752,0,9,115,59,101,8457,64.9,0,0,1779,1,16,279,0,5,0.1,0.081380208,228,49,0,212,3,0,1,1691,122880,0,0,1
331,40428,1849,595,9,65,3029,5907,12.7,0.8,772,4,284,29,14,72300,8742,0,9,115,59,101,8443,65,0,0,1779,1,16,279,0,5,0.1,0.081879964,228,49,0,212,3,0,1,1688,122130,0,0,1
331,40428,1849,595,9,65,3029,5907,12.7,0.8,772,4,284,29,14,72298,8742,0,9,115,59,101,8443,65,0,0,1779,1,16,279,0,5,0.1,0.075041273,228,49,0,212,3,0,1,1688,133260,0,0,1
300,38385,1667,569,9,53.1,2733,5291,12.1,0.8,725,3.8,333,51,12,68152,8047,0,9,105,70,149,7557,53.1,0,0,2172,1,12,326,0,7,0.2,0,274,55,0,227,3,0,1,1557,157200,0,0,1
300,38325,1667,575,9,53.1,2733,5304,12.2,0.8,725,3.8,333,51,12,68102,8032,0,9,105,70,149,7536,53.1,0,0,2172,1,12,326,0,7,0.2,0,274,55,0,227,3,0,1,1554,167340,0,0,1
297,38168,1662,575,9,52.7,2722,5281,12.2,0.8,722,3.8,333,51,12,67844,7968,0,9,105,70,149,7467,52.7,0,0,2172,1,12,326,0,7,0.2,0.013290803,274,55,0,227,3,0,1,1548,225720,0,0,1
281,34448,1570,575,9,51.5,2580,5008,12.7,0.9,687,3.8,201,51,12,61980,7623,0,8,28,16,149,7168,51.5,0,0,1792,1,9,194,0,7,0.2,0.018559762,198,0,0,0,1,0,1,1498,161640,0,0,1
281,34448,1570,575,9,51.5,2580,5008,12.7,0.9,687,3.8,201,51,12,61980,7623,0,8,28,16,149,7168,51.5,0,0,1792,1,9,194,0,7,0.2,0.018559762,198,0,0,0,1,0,1,1498,161640,0,0,1
255,31777,1507,523,9,49.5,2453,4716,12.9,0.9,638,3.9,218,49,11,57863,7180,0,169,28,17,4,6735,49.5,0,0,1894,1,8,211,0,7,0.2,0,215,0,0,0,1,0,1,1352,108690,0,0,1
250,30084,1467,520,0,52.4,2390,4582,13.2,0.9,615,4,218,49,11,55542,6983,0,169,28,17,4,6579,52.4,0,0,1894,1,5,211,0,7,0.2,0,215,0,0,0,1,0,1,1313,62640,0,0,1
248,29528,1425,520,0,51.7,2344,4563,13.4,1,616,3.9,215,49,11,54636,6862,0,166,28,17,4,6497,51.7,0,0,1890,1,5,208,0,7,0.2,0.100502513,215,0,0,0,1,0,1,1302,59700,0,0,1
248,29512,1425,520,0,50.1,2342,4561,13.4,1,616,3.9,221,49,11,54615,6855,0,166,32,19,4,6493,50.1,0,0,1900,1,1,214,0,7,0.2,0.102933608,217,4,0,4,3,0,1,1298,58290,0,0,1
242,25942,1288,568,0,42.7,2172,4146,13.8,1.1,590,3.7,68,51,12,49518,6359,0,8,33,18,9,7033,42.7,0,0,1252,1,1,61,0,7,0.2,0.145697972,68,0,0,0,1,0,1,1232,50790,0,0,1
243,25840,1289,568,0,42.6,2168,4148,13.8,1.1,591,3.7,67,51,12,49432,6264,0,8,33,17,9,7024,42.6,0,0,1247,1,1,60,0,7,0.2,0.173913043,67,0,0,0,1,0,1,1233,48300,0,0,1
242,25183,1284,565,0,42.4,2123,4119,14.1,1.2,580,3.7,62,51,12,48553,6148,0,6,32,16,8,6892,42.4,0,0,1191,1,1,55,0,7,0.2,0.168208579,62,0,0,0,1,0,1,1173,35670,0,0,1
224,24577,1238,565,0,41.9,2043,3967,13.9,1.2,556,3.7,56,51,12,47267,5895,0,6,29,14,7,6631,41.9,0,0,1166,1,1,49,0,7,0.2,0.159208983,56,0,0,0,1,0,1,1128,59670,0,0,1
223,24374,1231,565,0,40.4,2008,3937,13.9,1.2,554,3.6,54,51,12,46953,5814,0,7,26,14,7,6536,40.4,0,0,1148,1,1,47,0,7,0.2,0.086805556,54,0,0,0,1,0,1,1092,115200,0,0,1
217,23569,1180,571,0,37.1,1883,3776,13.8,1.3,545,3.5,69,55,12,45460,5495,0,6,47,10,6,6212,37.1,0,0,1579,1,1,60,0,9,0.2,0.101496422,69,0,0,0,1,0,1,1011,230550,0,0,1
0,0,0,0,0,0,0,0,0,0,0,0,0,0,0,0,0,0,0,0,0,0,0,0,0,0,0,0,0,0,0,0,0,0,0,0,0,0,0,0,0,0,0,0,0,1
1412,93970,11653,9900,0,0,19828,4170,4.2,6.4,1182,16.8,261,535,179,154340,38353,0,134,77,34,16,0,0,0,0,5243,1,18,261,0,0,0.2,0.017271157,261,0,0,0,1,0,1,14390,5790,0,1,0
1406,93280,11564,9906,0,0,19681,4131,4.2,6.5,1177,16.7,271,535,180,153290,38102,0,134,81,39,17,0,0,0,0,5267,1,18,271,0,0,0.2,0.46336519,271,0,0,0,1,0,1,14256,34530,0,1,0
0,0,0,0,0,0,0,0,0,0,0,0,0,0,0,0,0,0,0,0,0,0,0,0,0,0,0,0,0,0,0,0,0,0,0,0,0,0,0,0,0,0,0,0,0,1
1398,90629,11283,7674,0,0,18994,3837,4.1,5.1,1169,16.3,293,456,169,149471,36847,0,130,97,52,14,0,0,0,0,5662,1,18,293,0,0,0.2,0.366132723,293,0,0,0,1,0,1,13618,13110,0,1,0
1398,90539,11275,7695,0,0,18975,3833,4.1,5.2,1169,16.2,292,459,168,149369,36818,0,130,97,51,14,0,0,0,0,5642,1,18,292,0,0,0.2,0.15503876,292,0,0,0,1,0,1,13595,18060,0,1,0
1388,89776,11224,7663,0,0,18856,3884,4.1,5.2,1162,16.2,383,449,167,148431,36508,1,130,121,49,82,0,0,0,0,6493,1,18,383,0,0,0.2,0.082348729,383,0,0,0,1,0,1,13506,83790,0,1,0
1384,89440,11186,7642,0,0,18799,3876,4.2,5.2,1159,16.2,383,446,167,147954,36379,1,132,119,48,83,0,0,0,0,6523,1,18,383,0,0,0.2,0.100783875,383,0,0,0,1,0,1,13448,107160,0,1,0
1384,89444,11186,7642,0,0,18814,3876,4.2,5.2,1159,16.2,383,446,167,147961,36383,1,132,119,48,83,0,0,0,0,6523,1,18,383,0,0,0.2,0.107719928,383,0,0,0,1,0,1,13460,100260,0,1,0
1297,83888,10324,7154,0,0,17592,3335,3.8,5.2,1092,16.1,680,442,165,138672,34514,1,176,341,79,83,0,0,0,0,13220,1,3,680,0,0,0.5,0,620,22,0,660,3,570,2,12954,3960,0,1,0
1297,83849,10322,7154,0,0,17583,3333,3.8,5.2,1092,16.1,680,442,165,138626,34493,1,176,341,79,83,0,0,0,0,13220,1,3,680,0,0,0.5,0,620,22,0,660,3,570,2,12929,4770,0,1,0
1293,83480,10264,7118,0,0,17485,3299,3.8,5.2,1089,16.1,628,435,163,138048,34358,1,149,317,79,82,0,0,0,0,12738,1,3,628,0,0,0.5,1.029295329,590,0,0,0,1,570,2,12877,12630,0,1,0
1293,83443,10258,7122,0,0,17472,3289,3.8,5.2,1089,16.1,638,435,163,137981,34343,1,149,326,80,82,0,0,0,0,12815,1,3,638,0,0,0.5,0.75971538,598,2,0,30,3,570,2,12877,91350,0,1,0
1294,83455,10271,7131,0,0,17486,3272,3.8,5.2,1090,16.1,630,435,165,137994,34331,1,149,328,82,70,0,0,0,0,12719,1,3,630,0,0,0.5,0.646532438,590,2,0,30,3,570,2,12872,89400,0,1,0
1293,84136,10326,12055,0,0,17681,3328,3.8,8.7,1091,16.2,1204,703,262,138900,34740,1,384,463,311,45,0,0,0,0,21895,1,3,1204,0,0,0.9,1.429997149,1137,28,0,720,3,575,4,13086,70140,0,1,0
0,0,0,0,0,0,0,0,0,0,0,0,0,0,0,0,0,0,0,0,0,0,0,0,0,0,0,0,0,0,0,0,0,0,0,0,0,0,0,0,0,0,0,0,0,1
1262,83527,10156,13119,0,0,17582,4182,4.8,9,1067,16.5,1049,750,292,138746,34750,1,382,476,174,16,0,0,0,0,21944,1,3,1049,0,0,0.9,0.859106529,986,30,0,745,3,495,2,13259,8730,0,0,0
1262,83463,10150,13099,0,0,17565,4195,4.8,9.6,1067,16.5,1050,747,291,130204,34720,1,382,477,174,16,0,0,0,0,21899,1,3,1050,0,0,0.9,0.377041306,987,30,0,745,3,495,2,13245,41640,0,0,0
1262,83426,10143,13099,0,0,17558,4198,4.8,9.6,1067,16.5,1047,747,291,130154,34706,1,382,475,173,16,0,0,0,0,21865,1,3,1047,0,0,0.9,0.336203362,984,30,0,745,3,495,2,13247,48780,0,0,0
1262,83420,10143,13099,0,0,17553,4198,4.8,9.6,1067,16.5,1047,747,291,130146,34702,1,382,475,173,16,0,0,0,0,21865,1,3,1047,0,0,0.9,0.338493292,984,30,0,745,3,495,2,13244,48450,0,0,0
0,0,0,0,0,0,0,0,0,0,0,0,0,0,0,0,0,0,0,0,0,0,0,0,0,0,0,0,0,0,0,0,0,0,0,0,0,0,0,0,0,0,0,0,0,1
623,102312,4602,470,0,50.5,9395,5782,5.3,0.4,741,14.2,372,28,20,128317,19495,35,115,154,54,14,24738,55.1,7862,36.2,8853,1,850,372,0,0,0.3,0,365,6,0,65,3,30,5,5760,3150,0,1,0
609,100572,4581,470,0,50.6,9382,5735,5.4,0.4,727,14.5,370,28,20,126100,19469,34,110,149,63,14,24687,55.2,7880,36.2,8780,1,848,370,0,0,0.3,9.286592866,353,5,0,60,3,360,2,5810,32520,0,1,0
600,99482,4500,410,0,50.3,9242,5697,5.4,0.3,715,14.5,411,25,19,124675,19188,34,135,140,88,14,24334,54.9,7804,35.9,5957,1,843,411,0,0,0.2,0.092272203,406,5,0,60,3,0,1,5797,26010,3,1,0
591,102550,5230,410,0,0,10821,5877,5.4,0.3,737,16.4,490,25,19,127627,22556,38,135,203,95,19,27233,0,0,0,5356,1,1045,490,0,0,0.2,0.141342756,485,5,0,60,4,0,1,7359,42450,0,1,0
583,101336,5128,476,0,45.7,10595,5856,5.5,0.4,727,16.2,1369,29,23,126154,22332,40,390,359,269,311,27100,48.6,7612,35.6,31696,1,673,1369,0,0,1,0.174978128,1362,4,0,40,4,90,2,7226,34290,0,1,0
583,100403,5128,476,0,45.8,10595,5837,5.5,0.4,726,16.2,1149,29,23,125293,22332,40,214,325,259,311,27100,48.6,7612,35.8,15417,1,754,1149,0,0,0.5,2.777777778,1145,4,0,40,4,0,1,7226,720,0,1,0
583,100191,5117,432,0,45,10554,5832,5.5,0.3,726,16.2,1134,27,21,125064,22222,40,207,318,259,310,26989,47.9,7562,34.8,14123,1,760,1134,0,0,0.5,0.324825014,1131,3,0,30,3,0,1,7133,238590,2,1,0
618,102116,5280,568,0,42,10869,5849,5.4,0.4,753,15.9,811,32,25,127705,23308,41,200,314,237,19,28384,44.7,7912,32.2,12738,1,765,811,0,0,0.4,4.7514518,799,12,0,99,3,0,1,7411,86100,1,1,0
621,100157,5240,443,0,41.9,10669,5815,5.5,0.4,758,15.5,938,23,20,125744,22674,43,348,289,242,16,27614,45,7996,31.5,8978,1,425,938,0,0,0.3,0,915,23,0,220,4,0,1,7017,1530,0,1,0
0,0,0,0,0,0,0,0,0,0,0,0,0,0,0,0,0,0,0,0,0,0,0,0,0,0,0,0,0,0,0,0,0,0,0,0,0,0,0,0,0,0,0,0,0,1
1472,379572,10458,48646,4,0.8,19994,65427,14.7,9.5,2862,13.3,12053,729,238,511882,52796,157,4634,3946,3096,220,60234,0.7,1892,3.7,75013,1,0,12053,0,0,0.7,0,10974,451,0,6139,5,7983,5,16348,0,189,5,0
1472,379572,10458,48646,4,0.8,19994,65427,14.7,9.5,2861,13.3,11883,729,238,511790,52796,191,4607,3902,2978,205,60217,0.7,1892,3.7,73225,1,0,11883,0,0,0.6,0,10806,434,0,6219,5,8478,5,16348,0,163,1,0
1472,379572,10458,48646,4,0.8,19994,65427,14.7,9.5,2861,13.3,11883,729,238,511790,52796,191,4607,3902,2978,205,60217,0.7,1892,3.7,73225,1,0,11883,0,0,0.6,0,10806,434,0,6219,5,8478,5,16348,1530,174,1,0
1472,379577,10458,48646,4,0.8,19994,65428,14.7,9.5,2861,13.3,11598,729,238,511795,52796,179,4590,3580,3044,205,60217,0.7,1892,3.7,71589,1,0,11598,0,0,0.6,1.77148847,10455,432,0,6219,5,8838,5,16348,9540,90,1,0
1472,379578,10458,48646,4,0.8,19994,65428,14.7,9.5,2861,13.3,11575,729,238,511795,52797,165,4590,3565,3050,205,60216,0.7,1892,3.7,71479,1,0,11575,0,0,0.6,1.64556962,10447,421,0,6074,5,8778,5,16348,9480,90,1,0
0,0,0,0,0,0,0,0,0,0,0,0,0,0,0,0,0,0,0,0,0,0,0,0,0,0,0,0,0,0,0,0,0,0,0,0,0,0,0,0,0,0,0,0,0,1
8921,768905,78753,110835,188,26.7,134487,131178,14.6,8.2,8365,17.8,43995,4453,1051,1359155,273599,787,4404,13278,24800,726,331426,26.2,83020,28.3,371914,1,0,43995,0,0,1.6,0.94639866,40321,2765,0,21919,5,15942,5,84864,59700,370,5,2
8760,753925,77215,106026,192,26.5,131795,130072,14.7,7.9,8265,17.6,56772,4323,1038,1337486,268167,760,4322,13009,24123,14558,324837,26.1,81226,28,360274,1,0,56772,0,0,1.6,0.802603037,53252,2721,0,20981,5,12882,5,83262,13830,369,5,2
8653,743145,75919,107810,191,26.2,129672,129400,14.8,8.2,8160,17.5,44437,4351,1027,1320642,264867,772,4289,12786,25862,728,320302,25.8,80079,27.8,375958,1,0,44437,0,0,1.7,0.606375606,40961,2657,0,20291,5,13115,5,82219,28860,286,1,2
7799,626300,62368,60295,214,28.9,105626,111712,15.1,5.2,7726,15.1,39913,2810,973,1150350,218101,727,4107,11492,22892,695,265134,29.4,76824,27.4,329756,1,1,39913,0,0,1.8,0.609615827,36266,2600,0,18724,5,16530,5,66577,43470,405,1,2
0,0,0,0,0,0,0,0,0,0,0,0,0,0,0,0,0,0,0,0,0,0,0,0,0,0,0,0,0,0,0,0,0,0,0,0,0,0,0,0,0,0,0,0,0,1
476,234387,5827,56112,0,66.7,15600,13159,5.3,19.7,550,30.5,10411,1423,116,285342,52164,39,3258,4052,3001,61,42967,66.7,0,0,102992,1,0,10411,0,0,1.5,2.50926718,10334,77,0,1002,5,0,1,17017,35070,43,5,0
611,96588,7513,135,0,84.6,16064,15350,13.7,0.1,1022,19.1,1863,6,3,138027,127098,0,1419,358,13,73,43721,84.8,160,28.1,24670,1,120,1851,12,0,0.9,0.938215103,1863,0,0,0,1,0,1,12295,26220,0,1,0
611,96886,7552,135,0,84.4,16128,15410,13.7,0.1,1022,19.2,1867,6,3,138408,127191,0,1420,359,15,73,43860,84.6,160,28.1,24711,1,120,1855,12,0,0.9,1.065117405,1867,0,0,0,1,0,1,12304,41310,0,1,0
611,96844,7544,135,0,84.5,16120,15400,13.7,0.1,1022,19.1,1869,6,3,138357,127180,0,1421,359,15,74,43838,84.7,160,28.1,24726,1,120,1857,12,0,0.9,0.787503227,1869,0,0,0,1,0,1,12304,38730,0,1,0
596,95596,7450,204,0,83.8,16000,15016,13.6,0.1,1007,19.3,1929,11,7,136188,125644,0,1414,427,11,77,42888,83.9,110,22.7,25142,1,124,1917,12,0,0.9,0.709623079,1929,0,0,0,1,0,1,12272,47490,0,1,0
566,92419,7087,236,0,82.2,15457,14345,13.4,0.2,973,19.4,2309,12,5,131258,105788,2,1465,743,11,88,41616,82.3,110,22.7,28692,1,128,2296,13,0,1,2.425287356,2309,0,0,0,1,0,1,12244,130500,0,1,0
562,93134,7123,328,0,81.7,15701,14556,13.5,0.2,1000,19.3,2488,19,8,132784,103791,2,1624,754,13,95,41853,81.8,110,22.7,30898,1,131,2462,26,0,1.1,0.960611405,2488,0,0,0,1,0,1,12461,85050,0,1,0
562,93134,7123,328,0,81.7,15701,14556,13.5,0.2,1000,19.3,2488,19,8,132784,103791,2,1624,754,13,95,41853,81.8,110,22.7,30898,1,131,2462,26,0,1.1,0.960611405,2488,0,0,0,1,0,1,12461,85050,0,1,0
0,0,0,0,0,0,0,0,0,0,0,0,0,0,0,0,0,0,0,0,0,0,0,0,0,0,0,0,0,0,0,0,0,0,0,0,0,0,0,0,0,0,0,0,0,1
1114,164078,10530,5960,0,2.1,18505,15088,8.4,2.5,1689,12.6,4331,244,127,242817,39312,42,247,2687,1295,60,46475,1.7,6418,4.8,25705,1,7,4331,0,0,0.5,0.079373442,2980,1299,0,4244,3,1290,5,11356,284730,22,5,0
1114,164078,10530,5960,0,2.1,18505,15088,8.4,2.5,1689,12.6,4331,244,127,242817,39312,42,247,2687,1295,60,46475,1.7,6418,4.8,25705,1,7,4331,0,0,0.5,0.079373442,2980,1299,0,4244,3,1290,5,11356,284730,22,5,0
1114,164078,10530,5960,0,2.1,18505,15088,8.4,2.5,1689,12.6,4331,244,127,242817,39312,42,247,2687,1295,60,46475,1.7,6418,4.8,25705,1,7,4331,0,0,0.5,0.079373442,2980,1299,0,4244,3,1290,5,11356,284730,22,5,0
1114,164074,10530,5960,0,2.1,18505,15088,8.4,2.5,1689,12.6,4331,244,127,242812,39309,42,247,2687,1295,60,46473,1.7,6418,4.8,25705,1,7,4331,0,0,0.5,0.079406908,2980,1299,0,4244,3,1290,5,11355,284610,22,5,0
1114,164077,10531,5960,0,2.1,18506,15088,8.4,2.5,1689,12.6,4331,244,127,242816,39310,42,247,2687,1295,60,46474,1.7,6418,4.8,25705,1,7,4331,0,0,0.5,0.079432026,2980,1299,0,4244,3,1290,5,11355,284520,22,5,0
1113,163996,10525,5960,0,2.1,18494,15085,8.4,2.5,1688,12.6,4331,244,127,242698,39269,42,247,2687,1295,60,46451,1.7,6418,4.8,25703,1,7,4331,0,0,0.5,0.079483358,2980,1299,0,4244,3,1290,5,11346,281820,22,5,0
1113,163990,10525,5960,0,2.1,18494,15085,8.4,2.5,1688,12.6,4331,244,127,242688,39269,42,247,2687,1295,60,46451,1.7,6418,4.8,25703,1,7,4331,0,0,0.5,0.079551104,2980,1299,0,4244,3,1290,5,11346,281580,22,5,0
1113,163990,10525,5960,0,2.1,18494,15085,8.4,2.5,1688,12.6,4331,244,127,242688,39269,42,247,2687,1295,60,46451,1.7,6418,4.8,25703,1,7,4331,0,0,0.5,0.079551104,2980,1299,0,4244,3,1290,5,11346,281580,22,5,0
1113,163990,10525,5960,0,2.1,18494,15085,8.4,2.5,1688,12.6,4331,244,127,242688,39269,42,247,2687,1295,60,46451,1.7,6418,4.8,25703,1,7,4331,0,0,0.5,0.079551104,2980,1299,0,4244,3,1290,5,11346,281580,22,5,0
1113,163990,10525,5960,0,2.1,18494,15085,8.4,2.5,1688,12.6,4331,244,127,242688,39269,42,247,2687,1295,60,46451,1.7,6418,4.8,25703,1,7,4331,0,0,0.5,0.079551104,2980,1299,0,4244,3,1290,5,11346,281580,22,5,0
1113,163990,10525,5960,0,2.1,18494,15085,8.4,2.5,1688,12.6,4331,244,127,242688,39269,42,247,2687,1295,60,46451,1.7,6418,4.8,25703,1,7,4331,0,0,0.5,0.079551104,2980,1299,0,4244,3,1290,5,11346,281580,22,5,0
1113,163990,10525,5960,0,2.1,18494,15085,8.4,2.5,1688,12.6,4331,244,127,242688,39269,42,247,2687,1295,60,46451,1.7,6418,4.8,25703,1,7,4331,0,0,0.5,0.079551104,2980,1299,0,4244,3,1290,5,11346,281580,22,5,0
1113,163990,10525,5960,0,2.1,18494,15085,8.4,2.5,1688,12.6,4331,244,127,242688,39269,42,247,2687,1295,60,46451,1.7,6418,4.8,25703,1,7,4331,0,0,0.5,0.079551104,2980,1299,0,4244,3,1290,5,11346,281580,22,5,0
1113,163990,10525,5960,0,2.1,18494,15085,8.4,2.5,1688,12.6,4331,244,127,242688,39269,42,247,2687,1295,60,46451,1.7,6418,4.8,25703,1,7,4331,0,0,0.5,0.079551104,2980,1299,0,4244,3,1290,5,11346,281580,22,5,0
1113,163990,10525,5960,0,2.1,18494,15085,8.4,2.5,1688,12.6,4331,244,127,242688,39269,42,247,2687,1295,60,46451,1.7,6418,4.8,25703,1,7,4331,0,0,0.5,0.079551104,2980,1299,0,4244,3,1290,5,11346,281580,22,5,0
1113,163985,10525,5960,0,2.1,18493,15085,8.4,2.5,1688,12.6,4334,244,127,242681,39267,42,247,2687,1298,60,46449,1.7,6418,4.8,25700,1,7,4334,0,0,0.5,0.076775432,2980,1302,0,4250,3,1290,5,11343,281340,22,5,0
1113,163927,10524,5960,0,2.1,18475,15057,8.4,2.5,1688,12.6,4337,244,127,242587,39249,42,247,2690,1298,60,46415,1.7,6408,4.8,25715,1,7,4337,0,0,0.5,0.077661525,2983,1302,0,4250,3,1290,5,11335,278130,22,5,0
1113,163929,10524,5960,0,2.1,18475,15057,8.4,2.5,1688,12.6,4337,244,127,242589,39251,42,247,2690,1298,60,46417,1.7,6408,4.8,25715,1,7,4337,0,0,0.5,0.077678282,2983,1302,0,4250,3,1290,5,11335,278070,22,5,0
1113,163877,10524,5960,0,2.1,18476,15060,8.4,2.5,1688,12.6,4338,244,127,242537,39268,42,247,2691,1298,60,46401,1.7,6410,4.8,25720,1,7,4338,0,0,0.5,0.080160321,2984,1302,0,4250,3,1290,5,11334,269460,22,5,0
1113,163877,10524,5960,0,2.1,18476,15060,8.4,2.5,1688,12.6,4338,244,127,242537,39268,42,247,2691,1298,60,46401,1.7,6410,4.8,25720,1,7,4338,0,0,0.5,0.080160321,2984,1302,0,4250,3,1290,5,11334,269460,22,5,0
1113,163824,10522,5960,0,2.1,18469,15056,8.4,2.5,1688,12.6,4338,244,127,242472,39249,42,247,2691,1298,60,46372,1.7,6400,4.8,25720,1,7,4338,0,0,0.5,0.080799012,2984,1302,0,4250,3,1290,5,11331,267330,22,5,0
1113,163824,10522,5960,0,2.1,18469,15056,8.4,2.5,1688,12.6,4338,244,127,242472,39249,42,247,2691,1298,60,46372,1.7,6400,4.8,25720,1,7,4338,0,0,0.5,0.080799012,2984,1302,0,4250,3,1290,5,11331,267330,22,5,0
1113,163772,10520,5960,0,2.1,18458,15055,8.4,2.5,1688,12.6,4340,244,127,242418,39229,42,247,2691,1300,60,46353,1.7,6400,4.8,25750,1,7,4340,0,0,0.5,0.081967213,2986,1302,0,4250,3,1290,5,11319,263520,22,5,0
1113,163772,10520,5960,0,2.1,18458,15055,8.4,2.5,1688,12.6,4340,244,127,242418,39229,42,247,2691,1300,60,46353,1.7,6400,4.8,25750,1,7,4340,0,0,0.5,0.081967213,2986,1302,0,4250,3,1290,5,11319,263520,22,5,0
1113,163772,10520,5960,0,2.1,18458,15055,8.4,2.5,1688,12.6,4340,244,127,242418,39229,42,247,2691,1300,60,46353,1.7,6400,4.8,25750,1,7,4340,0,0,0.5,0.081967213,2986,1302,0,4250,3,1290,5,11319,263520,22,5,0
1113,163774,10520,5960,0,2.1,18458,15055,8.4,2.5,1688,12.6,4342,244,127,242420,39229,42,249,2691,1300,60,46355,1.7,6400,4.8,25760,1,7,4342,0,0,0.5,0.082041933,2988,1302,0,4250,3,1290,5,11319,263280,22,5,0
1111,163405,10502,5960,0,2.1,18397,15023,8.4,2.5,1685,12.6,4342,244,127,241896,39115,42,249,2691,1300,60,46219,1.7,6380,4.8,25759,1,7,4342,0,0,0.5,0.085674437,2988,1302,0,4250,3,1290,5,11283,250950,22,5,0
1111,163398,10502,5960,0,2.1,18397,15023,8.4,2.5,1685,12.6,4345,244,127,241889,39112,42,249,2691,1303,60,46216,1.7,6382,4.8,25759,1,7,4345,0,0,0.5,0.08632458,2988,1305,0,4259,3,1290,5,11283,249060,22,5,0
1111,163398,10502,5960,0,2.1,18397,15023,8.4,2.5,1685,12.6,4345,244,127,241889,39112,42,249,2691,1303,60,46216,1.7,6382,4.8,25759,1,7,4345,0,0,0.5,0.08632458,2988,1305,0,4259,3,1290,5,11283,249060,22,5,0
1111,163151,10486,5960,0,2.1,18359,15023,8.4,2.5,1684,12.6,4349,244,127,241568,39020,42,249,2693,1305,60,46113,1.7,6376,4.8,25752,1,7,4349,0,0,0.5,0.087091236,2988,1309,0,4269,3,1290,5,11237,238830,22,5,0
1111,163151,10486,5960,0,2.1,18359,15023,8.4,2.5,1684,12.6,4349,244,127,241568,39020,42,249,2693,1305,60,46113,1.7,6376,4.8,25752,1,7,4349,0,0,0.5,0.087091236,2988,1309,0,4269,3,1290,5,11237,238830,22,5,0
1111,163101,10486,5960,0,2.1,18337,15022,8.4,2.5,1684,12.6,4349,244,127,241516,38994,42,249,2693,1305,60,46070,1.7,6376,4.8,25752,1,7,4349,0,0,0.5,0.0877415,2988,1309,0,4269,3,1290,5,11232,237060,22,5,0
1111,163101,10486,5960,0,2.1,18337,15022,8.4,2.5,1684,12.6,4349,244,127,241516,38994,42,249,2693,1305,60,46070,1.7,6376,4.8,25752,1,7,4349,0,0,0.5,0.0877415,2988,1309,0,4269,3,1290,5,11232,237060,22,5,0
1110,163026,10483,5960,0,2.1,18327,15020,8.4,2.5,1683,12.6,4349,244,127,241406,38964,42,249,2693,1305,60,46034,1.7,6376,4.8,25752,1,7,4349,0,0,0.5,0.088729631,2988,1309,0,4269,3,1290,5,11228,234420,22,5,0
1110,163026,10483,5960,0,2.1,18327,15020,8.4,2.5,1683,12.6,4349,244,127,241406,38964,42,249,2693,1305,60,46034,1.7,6376,4.8,25752,1,7,4349,0,0,0.5,0.088729631,2988,1309,0,4269,3,1290,5,11228,234420,22,5,0
1110,163026,10483,5960,0,2.1,18327,15020,8.4,2.5,1683,12.6,4352,244,127,241406,38964,42,249,2693,1308,60,46034,1.7,6376,4.8,25746,1,7,4352,0,0,0.5,0.088729631,2991,1309,0,4269,3,1290,5,11228,234420,22,5,0
1110,163026,10483,5960,0,2.1,18327,15020,8.4,2.5,1683,12.6,4352,244,127,241406,38964,42,249,2693,1308,60,46034,1.7,6376,4.8,25746,1,7,4352,0,0,0.5,0.088729631,2991,1309,0,4269,3,1290,5,11228,234420,22,5,0
1110,163026,10483,5960,0,2.1,18327,15020,8.4,2.5,1683,12.6,4352,244,127,241406,38964,42,249,2693,1308,60,46034,1.7,6376,4.8,25746,1,7,4352,0,0,0.5,0.088729631,2991,1309,0,4269,3,1290,5,11228,234420,22,5,0
1110,163026,10483,5960,0,2.1,18327,15020,8.4,2.5,1683,12.6,4352,244,127,241406,38964,42,249,2693,1308,60,46034,1.7,6376,4.8,25746,1,7,4352,0,0,0.5,0.088729631,2991,1309,0,4269,3,1290,5,11228,234420,22,5,0
1110,163026,10483,5960,0,2.1,18327,15020,8.4,2.5,1683,12.6,4352,244,127,241406,38964,42,249,2693,1308,60,46034,1.7,6376,4.8,25746,1,7,4352,0,0,0.5,0.088729631,2991,1309,0,4269,3,1290,5,11228,234420,22,5,0
1110,163026,10483,5960,0,2.1,18327,15020,8.4,2.5,1683,12.6,4352,244,127,241406,38964,42,249,2693,1308,60,46034,1.7,6376,4.8,25746,1,7,4352,0,0,0.5,0.088729631,2991,1309,0,4269,3,1290,5,11228,234420,22,5,0
1110,163026,10483,5960,0,2.1,18327,15020,8.4,2.5,1683,12.6,4352,244,127,241406,38964,42,249,2693,1308,60,46034,1.7,6376,4.8,25746,1,7,4352,0,0,0.5,0.088729631,2991,1309,0,4269,3,1290,5,11228,234420,22,5,0
1110,163026,10483,5960,0,2.1,18327,15020,8.4,2.5,1683,12.6,4352,244,127,241406,38964,42,249,2693,1308,60,46034,1.7,6376,4.8,25746,1,7,4352,0,0,0.5,0.088729631,2991,1309,0,4269,3,1290,5,11228,234420,22,5,0
1110,163026,10483,5960,0,2.1,18327,15020,8.4,2.5,1683,12.6,4352,244,127,241406,38964,42,249,2693,1308,60,46034,1.7,6376,4.8,25746,1,7,4352,0,0,0.5,0.088752347,2991,1309,0,4269,3,1290,5,11228,234360,22,5,0
1110,163026,10483,5960,0,2.1,18327,15020,8.4,2.5,1683,12.6,4352,244,127,241406,38964,42,249,2693,1308,60,46034,1.7,6376,4.8,25746,1,7,4352,0,0,0.5,0.088752347,2991,1309,0,4269,3,1290,5,11228,234360,22,5,0
1110,163026,10483,5960,0,2.1,18327,15020,8.4,2.5,1683,12.6,4352,244,127,241406,38964,42,249,2693,1308,60,46034,1.7,6376,4.8,25746,1,7,4352,0,0,0.5,0.088752347,2991,1309,0,4269,3,1290,5,11228,234360,22,5,0
1110,163026,10483,5960,0,2.1,18327,15020,8.4,2.5,1683,12.6,4355,244,127,241406,38964,44,249,2694,1308,60,46034,1.7,6376,4.8,26016,1,5,4355,0,0,0.5,0.20395972,2992,1309,0,4269,3,1350,5,11228,234360,22,5,0
1108,162964,10478,6008,0,2.1,18314,15017,8.4,2.5,1681,12.6,4357,249,128,241297,38939,42,250,2696,1309,60,46006,1.7,6362,4.8,25839,1,5,4357,0,0,0.5,0.08983329,2996,1309,0,4269,3,1290,5,11213,231540,21,5,0
1108,162974,10482,6008,0,2.1,18323,15018,8.4,2.5,1681,12.6,4363,249,128,241310,38942,42,253,2697,1311,60,46008,1.7,6368,4.8,25890,1,5,4363,0,0,0.5,0.090726686,3002,1309,0,4269,3,1290,5,11215,229260,22,5,0
1108,162974,10482,6008,0,2.1,18323,15018,8.4,2.5,1681,12.6,4364,249,128,241310,38942,42,254,2698,1310,60,46008,1.7,6368,4.8,25900,1,5,4364,0,0,0.5,0.090726686,3003,1309,0,4269,3,1290,5,11215,229260,21,5,0
1108,162978,10482,6008,0,0,18326,15018,8.4,2.5,1681,12.6,4364,249,128,241314,38951,42,254,2698,1310,60,46468,0,0,0,25900,1,5,4364,0,0,0.5,0.090845563,3003,1309,0,4269,3,1290,5,11221,228960,21,5,0
1108,162978,10482,6008,0,0,18326,15018,8.4,2.5,1681,12.6,4364,249,128,241314,38951,42,254,2698,1310,60,46468,0,0,0,25900,1,5,4364,0,0,0.5,0.090845563,3003,1309,0,4269,3,1290,5,11221,228960,21,5,0
1108,162978,10482,6008,0,0,18326,15018,8.4,2.5,1681,12.6,4368,249,128,241314,38951,42,254,2698,1314,60,46468,0,0,0,25940,1,5,4368,0,0,0.5,0.090845563,3007,1309,0,4269,3,1290,5,11221,228960,21,5,0
1108,162978,10482,6008,0,0,18326,15018,8.4,2.5,1681,12.6,4368,249,128,241314,38951,42,254,2698,1314,60,46468,0,0,0,25940,1,5,4368,0,0,0.5,0.090845563,3007,1309,0,4269,3,1290,5,11221,228960,21,5,0
1108,162978,10482,6008,0,0,18326,15018,8.4,2.5,1681,12.6,4368,249,128,241314,38951,42,254,2698,1314,60,46468,0,0,0,25940,1,5,4368,0,0,0.5,0.090845563,3007,1309,0,4269,3,1290,5,11221,228960,21,5,0
1108,162978,10482,6008,0,0,18326,15018,8.4,2.5,1681,12.6,4368,249,128,241314,38951,42,254,2698,1314,60,46468,0,0,0,25940,1,5,4368,0,0,0.5,0.090857467,3007,1309,0,4269,3,1290,5,11221,228930,21,5,0
1108,162975,10482,6008,0,0,18325,15017,8.4,2.5,1681,12.6,4368,249,128,241309,38949,42,254,2698,1314,60,46466,0,0,0,25940,1,5,4368,0,0,0.5,0.090988626,3007,1309,0,4269,3,1290,5,11219,228600,21,5,0
1108,162975,10482,6008,0,0,18325,15017,8.4,2.5,1681,12.6,4368,249,128,241309,38949,42,254,2698,1314,60,46466,0,0,0,25940,1,5,4368,0,0,0.5,0.090988626,3007,1309,0,4269,3,1290,5,11219,228600,21,5,0
1108,162975,10482,6008,0,0,18325,15017,8.4,2.5,1681,12.6,4368,249,128,241309,38949,42,254,2698,1314,60,46466,0,0,0,25940,1,5,4368,0,0,0.5,0.090988626,3007,1309,0,4269,3,1290,5,11219,228600,21,5,0
1108,162975,10482,6008,0,0,18325,15017,8.4,2.5,1681,12.6,4368,249,128,241309,38949,42,254,2698,1314,60,46466,0,0,0,25940,1,5,4368,0,0,0.5,0.090988626,3007,1309,0,4269,3,1290,5,11219,228600,21,5,0
1108,162948,10482,6008,0,0,18325,15017,8.4,2.5,1680,12.6,4368,249,128,241281,38949,42,254,2698,1314,60,46466,0,0,0,25940,1,5,4368,0,0,0.5,0.091360302,3007,1309,0,4269,3,1290,5,11219,227670,21,5,0
1104,162802,10478,6045,0,0,18346,15115,8.5,2.5,1676,12.6,4461,253,131,241212,38989,42,265,2714,1365,75,46441,0,0,0,26939,1,5,4461,0,0,0.6,0.106633856,3099,1310,0,4269,3,1290,5,11258,195060,24,5,0
1104,162792,10478,6045,0,0,18343,15115,8.5,2.5,1676,12.6,4464,253,131,241202,38982,42,265,2717,1365,75,46434,0,0,0,26939,1,5,4464,0,0,0.6,0.10679811,3099,1313,0,4314,3,1290,5,11249,194760,24,5,0
1104,162792,10478,6045,0,0,18343,15115,8.5,2.5,1676,12.6,4461,253,131,241202,38982,42,265,2714,1365,75,46434,0,0,0,26939,1,5,4461,0,0,0.6,0.10679811,3099,1310,0,4269,3,1290,5,11249,194760,21,5,0
1104,162792,10478,6045,0,0,18343,15115,8.5,2.5,1676,12.6,4461,253,131,241202,38982,42,265,2714,1365,75,46434,0,0,0,26939,1,5,4461,0,0,0.6,0.10679811,3099,1310,0,4269,3,1290,5,11249,194760,21,5,0
1104,162792,10478,6045,0,0,18343,15115,8.5,2.5,1676,12.6,4461,253,131,241202,38982,42,265,2714,1365,75,46434,0,0,0,26939,1,5,4461,0,0,0.6,0.10679811,3099,1310,0,4269,3,1290,5,11249,194760,21,5,0
1103,162733,10471,6045,0,0,18331,15131,8.5,2.5,1675,12.6,4461,253,131,241092,38968,42,265,2714,1365,75,46413,0,0,0,26939,1,5,4461,0,0,0.6,0.108181204,3099,1310,0,4269,3,1290,5,11244,192270,21,5,0
1103,162733,10471,6045,0,0,18331,15131,8.5,2.5,1675,12.6,4461,253,131,241092,38968,42,265,2714,1365,75,46413,0,0,0,26939,1,5,4461,0,0,0.6,0.108181204,3099,1310,0,4269,3,1290,5,11244,192270,21,5,0
1103,162733,10471,6045,0,0,18331,15131,8.5,2.5,1675,12.6,4461,253,131,241092,38968,42,265,2714,1365,75,46413,0,0,0,26939,1,5,4461,0,0,0.6,0.108181204,3099,1310,0,4269,3,1290,5,11244,192270,21,5,0
1100,162492,10430,6045,0,0,18296,15134,8.5,2.5,1675,12.6,4507,253,131,240809,38886,42,269,2749,1373,74,46322,0,0,0,27139,1,5,4507,0,0,0.6,0.156444143,3126,1326,0,4314,3,1350,5,11268,177060,21,5,0
1100,162492,10430,6045,0,0,18296,15134,8.5,2.5,1675,12.6,4507,253,131,240809,38886,42,269,2749,1373,74,46322,0,0,0,27139,1,5,4507,0,0,0.6,0.156444143,3126,1326,0,4314,3,1350,5,11268,177060,21,5,0
1100,162492,10430,6045,0,0,18296,15134,8.5,2.5,1675,12.6,4507,253,131,240809,38886,42,269,2749,1373,74,46322,0,0,0,27139,1,5,4507,0,0,0.6,0.156444143,3126,1326,0,4314,3,1350,5,11268,177060,21,5,0
1100,162474,10431,6045,0,0,18301,15138,8.5,2.5,1675,12.6,4559,253,131,240787,38890,43,278,2763,1401,74,46322,0,0,0,27579,1,5,4559,0,0,0.6,0.206453851,3166,1337,0,4418,3,1380,5,11274,172920,21,5,0
1100,162474,10431,6045,0,0,18301,15138,8.5,2.5,1675,12.6,4559,253,131,240771,38890,43,278,2763,1401,74,46322,0,0,0,27579,1,5,4559,0,0,0.6,0.207317073,3166,1337,0,4418,3,1380,5,11274,172200,21,5,0
784,108170,4872,6015,0,0,8385,7845,6.8,2.5,1675,5.8,3885,251,130,240899,13986,12,171,2638,1029,35,15149,0,0,0,20248,1,5,3885,0,0,0.6,0,2536,1342,0,4378,3,110,2,3607,62640,5,5,0
784,108170,4872,6015,0,0,8385,7845,6.8,2.5,1675,5.8,3885,251,130,240899,13986,12,171,2638,1029,35,15149,0,0,0,20248,1,5,3885,0,0,0.6,0,2536,1342,0,4378,3,110,2,3607,62640,5,5,0
784,108170,4872,6015,0,0,8385,7845,6.8,2.5,1675,5.8,3885,251,130,240899,13986,12,171,2638,1029,35,15149,0,0,0,20248,1,5,3885,0,0,0.6,0,2536,1342,0,4378,3,110,2,3607,62640,5,5,0
783,108122,4863,6015,0,0,8376,7845,6.8,2.5,1674,5.8,3897,251,130,240759,13974,12,171,2646,1033,35,15137,0,0,0,20272,1,8,3897,0,0,0.6,0,2544,1346,0,4390,3,110,2,3607,61080,5,5,0
783,108122,4863,6015,0,0,8376,7845,6.8,2.5,1674,5.8,3897,251,130,240759,13974,12,171,2646,1033,35,15137,0,0,0,20272,1,8,3897,0,0,0.6,0,2544,1346,0,4390,3,110,2,3607,61080,5,5,0
783,108122,4863,6015,0,0,8376,7845,6.8,2.5,1674,5.8,3897,251,130,240759,13974,12,171,2646,1033,35,15137,0,0,0,20272,1,8,3897,0,0,0.6,0,2544,1346,0,4390,3,110,2,3607,61080,5,5,0
783,108116,4863,6015,0,0,8376,7845,6.8,2.5,1674,5.8,3938,251,130,240753,13974,53,171,2646,1033,35,15137,0,0,0,20272,1,8,3938,0,0,0.6,0,2544,1346,0,4390,3,1340,5,3607,60450,5,5,0
783,108116,4863,6015,0,0,8376,7845,6.8,2.5,1674,5.8,3905,251,130,240729,13974,12,171,2646,1033,43,15137,0,0,0,20288,1,8,3905,0,0,0.6,0.055423595,2552,1346,0,4390,3,110,2,3607,138930,5,1,0
783,108116,4863,6015,0,0,8376,7845,6.8,2.5,1674,5.8,3905,251,130,240729,13974,12,171,2646,1033,43,15137,0,0,0,20288,1,8,3905,0,0,0.6,0.055423595,2552,1346,0,4390,3,110,2,3607,138930,5,1,0
783,108116,4863,6015,0,0,8376,7845,6.8,2.5,1674,5.8,3905,251,130,240729,13974,12,171,2646,1033,43,15137,0,0,0,20288,1,8,3905,0,0,0.6,0.055423595,2552,1346,0,4390,3,110,2,3607,138930,5,1,0
784,108329,4910,6112,0,0,8420,7893,6.8,2.5,1674,5.8,3915,262,130,240813,14034,12,177,2649,1034,43,15247,0,0,0,20445,1,8,3915,0,0,0.6,0.058320079,2559,1349,0,4410,3,110,2,3604,132030,1,1,0
783,108284,4901,6118,0,0,8409,7881,6.8,2.5,1673,5.8,3918,262,130,240688,14020,12,177,2652,1034,43,15227,0,0,0,20450,1,8,3918,0,0,0.6,0.059787251,2560,1351,0,4410,3,110,2,3604,128790,1,1,0
781,108336,4891,6118,0,0,8400,7874,6.8,2.5,1670,5.8,3933,262,130,240535,14014,12,180,2659,1039,43,15209,0,0,0,20536,1,8,3933,0,0,0.6,0.062222222,2571,1355,0,4420,3,110,2,3609,123750,1,1,0
781,108336,4891,6118,0,0,8400,7874,6.8,2.5,1670,5.8,3933,262,130,240535,14014,12,180,2659,1039,43,15209,0,0,0,20536,1,8,3933,0,0,0.6,0.062222222,2571,1355,0,4420,3,110,2,3609,123750,1,1,0
781,108336,4891,6118,0,0,8400,7874,6.8,2.5,1670,5.8,3921,262,130,240535,14014,12,180,2647,1039,43,15209,0,0,0,20416,1,8,3921,0,0,0.6,0.062222222,2559,1355,0,4420,3,110,2,3609,123750,1,1,0
781,108336,4891,6118,0,0,8400,7874,6.8,2.5,1670,5.8,3921,262,130,240535,14014,12,180,2647,1039,43,15209,0,0,0,20416,1,8,3921,0,0,0.6,0.062222222,2559,1355,0,4420,3,110,2,3609,123750,1,1,0
781,108336,4891,6118,0,0,8400,7874,6.8,2.5,1670,5.8,3921,262,130,240535,14014,12,180,2647,1039,43,15209,0,0,0,20416,1,8,3921,0,0,0.6,0.062222222,2559,1355,0,4420,3,110,2,3609,123750,1,1,0
781,108346,4891,6118,0,0,8400,7874,6.8,2.5,1670,5.8,3924,262,130,240543,14014,12,180,2650,1039,43,15209,0,0,0,20416,1,8,3924,0,0,0.6,0.062693372,2559,1358,0,4420,3,110,2,3609,122820,1,1,0
1095,162411,10387,6118,0,0,18206,15108,8.5,2.5,1671,12.6,4735,262,130,240502,38856,19,365,2771,1506,74,46378,0,0,0,30011,1,11,4735,0,0,0.6,0.030449211,3347,1358,0,4420,3,610,5,11248,292290,18,1,0
1095,162411,10387,6118,0,0,18206,15108,8.5,2.5,1671,12.6,4738,262,130,240502,38856,19,367,2772,1506,74,46378,0,0,0,30036,1,11,4738,0,0,0.6,0.030449211,3350,1358,0,4420,3,610,5,11248,292290,18,1,0
1095,162411,10387,6118,0,0,18206,15108,8.5,2.5,1671,12.6,4738,262,130,240502,38856,19,367,2772,1506,74,46378,0,0,0,30036,1,11,4738,0,0,0.6,0.030449211,3350,1358,0,4420,3,610,5,11248,292290,18,1,0
1082,160139,10180,6052,0,0,17799,14814,8.5,2.6,1661,12.4,4786,257,128,237266,38130,19,379,2780,1534,74,45446,0,0,0,30882,1,9,4786,0,0,0.6,0.068933824,3392,1364,0,4421,3,610,5,11048,195840,18,1,0
1082,160139,10180,6052,0,0,17799,14814,8.5,2.6,1661,12.4,4786,257,128,237266,38130,19,379,2780,1534,74,45446,0,0,0,30882,1,9,4786,0,0,0.6,0.068933824,3392,1364,0,4421,3,610,5,11048,195840,18,1,0
1082,160139,10180,6052,0,0,17799,14814,8.5,2.6,1661,12.4,4786,257,128,237266,38130,19,379,2780,1534,74,45446,0,0,0,30882,1,9,4786,0,0,0.6,0.068933824,3392,1364,0,4421,3,610,5,11048,195840,18,1,0
1082,160149,10182,6052,0,0,17799,14822,8.5,2.6,1661,12.4,4812,257,128,237291,38126,19,399,2784,1536,74,45463,0,0,0,31072,1,9,4812,0,0,0.6,0.070257611,3416,1366,0,4421,3,610,5,11047,192150,18,1,0
1082,160149,10182,6052,0,0,17799,14822,8.5,2.6,1661,12.4,4812,257,128,237291,38126,19,399,2784,1536,74,45463,0,0,0,31072,1,9,4812,0,0,0.6,0.070257611,3416,1366,0,4421,3,610,5,11047,192150,18,1,0
1082,160149,10182,6052,0,0,17799,14822,8.5,2.6,1661,12.4,4762,257,128,237291,38126,19,398,2790,1537,18,45424,0,0,0,31025,1,9,4762,0,0,0.6,0.070257611,3365,1367,0,4436,3,610,5,11047,192150,24,1,0
0,0,0,0,0,0,0,0,0,0,0,0,0,0,0,0,0,0,0,0,0,0,0,0,0,0,0,0,0,0,0,0,0,0,0,0,0,0,0,0,0,0,0,0,0,1
4643,312921,32525,3161,0,89.3,49487,16864,5.1,0.6,5178,9.8,5014,144,113,498793,83596,140,209,2258,1861,546,92664,91.1,22953,82.1,44049,1,106,4202,21,791,0.5,0,4992,22,0,150,3,0,1,20551,90,35,3,0
4643,312921,32525,3161,0,89.3,49487,16864,5.1,0.6,5178,9.8,5033,144,113,498793,83596,141,209,2273,1864,546,92664,91.1,22953,82.1,44231,1,106,4221,21,791,0.5,0.13626141,5009,24,0,180,3,0,1,20551,680310,38,3,2
5054,311126,32486,4296,0,89.5,48781,16285,5,0.9,5457,9.1,5747,213,164,500083,83637,140,228,2675,2066,638,97644,91.3,23192,82,50617,1,104,4743,23,981,0.5,0.370254485,5724,23,0,155,3,0,1,19748,95880,63,5,0
5034,309414,32319,4264,0,89.3,48447,16291,5,0.9,5444,9.1,5287,213,164,497936,83157,140,215,2221,2072,639,97119,91.1,23071,81.7,42114,1,107,4275,23,989,0.5,0.303792164,5252,35,0,215,3,0,1,19600,47730,77,5,0
5019,307833,32237,4241,0,89.2,48274,16257,5,0.9,5413,9.1,5284,211,163,495529,82908,140,214,2207,2080,643,96816,91,22983,81.6,42054,1,105,4271,23,990,0.5,0.222949797,5251,33,0,195,3,0,1,19514,128280,77,5,0
5007,305764,32121,4446,0,89.2,48048,16308,5.1,0.9,5381,9.1,5317,217,167,492605,82462,140,218,2243,2074,642,96333,91,22810,81.6,41982,1,106,4305,22,990,0.5,0.210196611,5287,30,0,150,3,0,1,19403,264990,75,5,0
4969,305212,32257,4402,0,88.6,48141,16422,5.1,0.9,5284,9.3,5958,215,163,490091,82212,142,258,2445,2475,638,95471,90.3,22612,81.4,50633,1,99,4947,4,1007,0.6,0.193459852,5854,97,0,605,4,15,4,19404,298770,67,5,0
4925,302197,31971,4575,0,89.2,47716,16381,5.1,0.9,5221,9.3,6127,221,169,485389,81894,165,225,2455,2643,639,95489,91,22650,81.6,50420,1,116,5104,4,1019,0.6,0.160775807,6024,96,0,590,4,15,4,19272,235110,76,1,0
4880,300742,31878,4959,0,89,47622,16287,5.1,1,5179,9.4,6089,226,180,482433,81097,168,135,2372,2774,640,93916,90.8,22355,81.5,43090,1,123,5066,4,1019,0.5,0.335675802,5989,93,0,545,4,15,4,19226,426900,93,1,2
4566,296140,31448,4205,0,88.7,47273,16142,5.2,0.9,4862,9.9,4384,178,143,469784,80041,166,114,2161,1296,647,90699,90.5,22188,81.6,41387,1,118,3352,4,1028,0.5,0.637431105,4326,51,0,375,3,15,4,19385,125190,108,1,0
4060,206022,23948,3067,0,88.6,33049,15676,7.1,0.7,4868,9.2,3029,132,97,469205,65261,164,99,1128,937,701,90222,90.4,22135,81.5,32155,1,112,1923,4,1102,0.5,0.282227307,2971,51,0,375,3,15,4,12092,13110,104,1,0
4536,291533,30992,4210,0,88.2,46517,16085,5.2,0.9,4772,9.9,3332,178,143,462831,78655,164,97,1236,1137,698,88676,89.9,22017,81.2,33868,1,118,2210,4,1118,0.4,0,3280,52,0,380,3,0,1,19161,780,106,1,0
4524,289786,30797,3917,0,88,46242,16118,5.3,0.9,4744,9.9,3397,164,140,460385,78261,163,100,1258,1153,723,88358,89.8,22031,81.1,34442,1,151,2224,5,1168,0.4,0.313855992,3337,60,0,500,3,0,1,19059,613020,105,1,2
0,0,0,0,0,0,0,0,0,0,0,0,0,0,0,0,0,0,0,0,0,0,0,0,0,0,0,0,0,0,0,0,0,0,0,0,0,0,0,0,0,0,0,0,0,1
1340,117976,11289,5730,9,55.9,20705,33045,21.9,2.8,1151,18,4108,305,167,207203,52783,151,734,1114,544,1565,64602,59.3,19579,44.8,31384,1,0,4108,0,0,0.9,0,4009,87,0,1290,5,140,5,15827,60,42,5,0
1337,117268,11243,5567,11,55.9,20564,32953,21.9,2.7,1148,17.9,4350,301,166,206234,52416,153,730,1251,544,1672,64167,59.3,19389,44.7,74027,1,0,4350,0,0,2.1,0.534861509,4257,82,0,1215,5,125,5,15658,10470,34,5,0
1334,116962,11218,5567,11,55.8,20507,32947,22,2.7,1145,17.9,4369,301,166,205830,52281,153,724,1259,568,1665,64016,59.2,19321,44.5,74184,1,0,4369,0,0,2.1,1.921079958,4279,83,0,1220,5,105,5,15578,9630,34,5,0
1332,116708,11199,5529,11,55.8,20494,32913,22,2.7,1143,17.9,4525,299,164,205461,52252,152,729,1331,645,1668,63938,59.2,19333,44.5,75580,1,1,4525,0,0,2.2,4.69858156,4443,75,0,1180,4,105,5,15597,22560,35,1,0
1324,115824,11088,5534,11,56.2,20280,32714,22,2.7,1138,17.8,3016,299,164,203935,51837,160,729,1201,610,316,63407,59.6,19131,44.8,72418,1,0,3016,0,0,2.1,1.839622642,2927,82,0,1279,5,105,5,15513,6360,64,1,0
1311,114542,10994,5592,11,56.5,20056,32510,22.1,2.8,1129,17.8,2947,317,164,203137,51379,149,714,1174,599,311,63030,60,18911,44.9,72030,1,0,2947,0,0,2.1,1.535087719,2872,75,0,1217,5,0,1,15382,4560,64,1,0
1311,114521,10993,5592,11,56.6,20051,32559,22.1,2.8,1129,17.8,2957,317,164,203190,51372,149,716,1176,606,310,63013,60.1,18893,44.9,72030,1,0,2957,0,0,2.1,1.725123409,2881,76,0,1232,5,0,1,15390,76980,64,1,0
0,0,0,0,0,0,0,0,0,0,0,0,0,0,0,0,0,0,0,0,0,0,0,0,0,0,0,0,0,0,0,0,0,0,0,0,0,0,0,0,0,0,0,0,0,1
16370,1503693,137906,61777,89,302.8,270503,127414,78,27.7,13775,196.4,65090,3052,1339,2204296,618608,633,2610,56294,5013,540,829195,306.6,125898,291,441758,10,0,65090,0,0,9.6,15.47912206,64147,179,0,1869,46,10710,20,209831,2156130,587,50,2
34152,2966956,279209,71755,26,311,544544,297070,228,40,29253,475.5,56039,3875,2085,4484222,1241628,1296,3085,42192,8545,921,400941,315.5,109341,297.1,449507,25,0,56039,0,0,13.3,11.52019991,53968,55,0,550,55,28365,50,410279,8827380,654,110,2
13171,1107301,107348,35737,6,0,205264,114715,122,27.4,11237,244.6,18699,1904,1025,1692044,460670,751,2072,10383,4868,625,0,0,0,0,181858,13,0,18699,0,0,6.9,4.351660499,17109,405,0,3828,41,16710,26,147105,1424070,490,17,2
0,0,0,0,0,0,0,0,0,0,0,0,0,0,0,0,0,0,0,0,0,0,0,0,0,0,0,0,0,0,0,0,0,0,0,0,0,0,0,0,0,0,0,0,0,1
0,0,0,0,0,0,0,0,0,0,0,0,0,0,0,0,0,0,0,0,0,0,0,0,0,0,0,0,0,0,0,0,0,0,0,0,0,0,0,0,0,0,0,0,0,1
1818,94595,9354,0,0,389.2,14598,12229,45.8,0,2744,21.8,32,0,0,202275,56687,0,20,12,0,0,43707,392.8,8384,370.6,277,4,12,32,0,0,0,0.022547914,32,0,0,0,4,0,4,6705,106470,16,4,0
0,0,0,0,0,0,0,0,0,0,0,0,0,0,0,0,0,0,0,0,0,0,0,0,0,0,0,0,0,0,0,0,0,0,0,0,0,0,0,0,0,0,0,0,0,1
1371,71445,7056,0,0,291.9,11010,9225,34.2,0,2061,16.5,24,0,0,152313,42825,0,15,9,0,0,32931,294.6,6306,278.1,207,3,9,24,0,0,0,0,24,0,0,0,3,0,3,5058,79020,12,3,0
0,0,0,0,0,0,0,0,0,0,0,0,0,0,0,0,0,0,0,0,0,0,0,0,0,0,0,0,0,0,0,0,0,0,0,0,0,0,0,0,0,0,0,0,0,1
0,0,0,0,0,0,0,0,0,0,0,0,0,0,0,0,0,0,0,0,0,0,0,0,0,0,0,0,0,0,0,0,0,0,0,0,0,0,0,0,0,0,0,0,0,1
457,23815,2352,0,0,97.3,3670,3075,11.4,0,687,5.5,8,0,0,50771,14275,0,5,3,0,0,10977,98.2,2102,92.7,69,1,3,8,0,0,0,0,8,0,0,0,1,0,1,1686,26310,4,1,1
2270,118606,11724,0,0,485.6,18287,15170,56.7,0,3403,27.5,58,0,0,233946,70927,0,43,15,0,0,54515,490.3,10442,461.3,459,5,15,58,0,0,0,0,58,0,0,0,5,0,5,8436,368070,20,5,0
792,40142,4536,0,0,193.4,7112,5460,24,0,1228,11.8,24,0,0,54092,26446,0,18,6,0,0,20048,195.6,4188,183,194,2,6,24,0,0,0,0,24,0,0,0,2,0,2,3418,29910,8,2,1
396,20071,2268,0,0,96.7,3556,2730,12,0,614,5.9,12,0,0,27046,13223,0,9,3,0,0,10024,97.8,2094,91.5,97,1,3,12,0,0,0,0,12,0,0,0,1,0,1,1709,14910,4,1,1
1188,60227,6807,0,0,290.1,10666,8181,36,0,1842,17.7,36,0,0,81131,39653,0,27,9,0,0,30065,293.4,6276,274.5,291,3,9,36,0,0,0,0,36,0,0,0,3,0,3,5119,59700,12,3,1
0,0,0,0,0,0,0,0,0,0,0,0,0,0,0,0,0,0,0,0,0,0,0,0,0,0,0,0,0,0,0,0,0,0,0,0,0,0,0,0,0,0,0,0,0,1
0,0,0,0,0,0,0,0,0,0,0,0,0,0,0,0,0,0,0,0,0,0,0,0,0,0,0,0,0,0,0,0,0,0,0,0,0,0,0,0,0,0,0,0,0,1
396,20138,2266,0,0,96.7,3549,2724,11.9,0,614,5.9,12,0,0,27100,13198,0,9,3,0,0,10004,97.8,2090,91.5,97,1,3,12,0,0,0,0,12,0,0,0,1,0,1,1703,18180,4,1,1
1980,100593,11327,0,0,483.5,17736,13612,59.5,0,3070,29.5,60,0,0,135397,65940,0,45,15,0,0,49962,489,10438,457.5,485,5,15,60,0,0,0,0,60,0,0,0,5,0,5,8500,87120,20,5,0
0,0,0,0,0,0,0,0,0,0,0,0,0,0,0,0,0,0,0,0,0,0,0,0,0,0,0,0,0,0,0,0,0,0,0,0,0,0,0,0,0,0,0,0,0,1
0,0,0,0,0,0,0,0,0,0,0,0,0,0,0,0,0,0,0,0,0,0,0,0,0,0,0,0,0,0,0,0,0,0,0,0,0,0,0,0,0,0,0,0,0,1
0,0,0,0,0,0,0,0,0,0,0,0,0,0,0,0,0,0,0,0,0,0,0,0,0,0,0,0,0,0,0,0,0,0,0,0,0,0,0,0,0,0,0,0,0,1
0,0,0,0,0,0,0,0,0,0,0,0,0,0,0,0,0,0,0,0,0,0,0,0,0,0,0,0,0,0,0,0,0,0,0,0,0,0,0,0,0,0,0,0,0,1
2376,120665,13593,0,0,580.2,21278,16329,71.4,0,3684,35.4,72,0,0,162434,79132,0,54,18,0,0,59953,586.8,12520,549,582,6,18,72,0,0,0,0,72,0,0,0,6,0,6,10196,102300,24,6,0
0,0,0,0,0,0,0,0,0,0,0,0,0,0,0,0,0,0,0,0,0,0,0,0,0,0,0,0,0,0,0,0,0,0,0,0,0,0,0,0,0,0,0,0,0,1
0,0,0,0,0,0,0,0,0,0,0,0,0,0,0,0,0,0,0,0,0,0,0,0,0,0,0,0,0,0,0,0,0,0,0,0,0,0,0,0,0,0,0,0,0,1
0,0,0,0,0,0,0,0,0,0,0,0,0,0,0,0,0,0,0,0,0,0,0,0,0,0,0,0,0,0,0,0,0,0,0,0,0,0,0,0,0,0,0,0,0,1
0,0,0,0,0,0,0,0,0,0,0,0,0,0,0,0,0,0,0,0,0,0,0,0,0,0,0,0,0,0,0,0,0,0,0,0,0,0,0,0,0,0,0,0,0,1
0,0,0,0,0,0,0,0,0,0,0,0,0,0,0,0,0,0,0,0,0,0,0,0,0,0,0,0,0,0,0,0,0,0,0,0,0,0,0,0,0,0,0,0,0,1
1188,60327,6801,0,0,290.1,10644,8172,35.7,0,1842,17.7,36,0,0,81231,39564,0,27,9,0,0,29955,293.4,6258,274.5,291,3,9,36,0,0,0,0,36,0,0,0,3,0,3,5098,50850,12,3,1
0,0,0,0,0,0,0,0,0,0,0,0,0,0,0,0,0,0,0,0,0,0,0,0,0,0,0,0,0,0,0,0,0,0,0,0,0,0,0,0,0,0,0,0,0,1
0,0,0,0,0,0,0,0,0,0,0,0,0,0,0,0,0,0,0,0,0,0,0,0,0,0,0,0,0,0,0,0,0,0,0,0,0,0,0,0,0,0,0,0,0,1
396,20104,2267,0,0,96.7,3546,2724,11.9,0,614,5.9,12,0,0,27072,13184,0,9,3,0,0,9989,97.8,2086,91.5,97,1,3,12,0,0,0,0,12,0,0,0,1,0,1,1696,18150,4,1,1
1188,60165,6756,0,0,290.1,10599,8160,35.7,0,1842,17.7,36,0,0,81003,39450,0,27,9,0,0,29934,293.4,6270,273.9,291,3,9,36,0,0,0,0,36,0,0,0,3,0,3,5094,45360,12,3,1
0,0,0,0,0,0,0,0,0,0,0,0,0,0,0,0,0,0,0,0,0,0,0,0,0,0,0,0,0,0,0,0,0,0,0,0,0,0,0,0,0,0,0,0,0,1
0,0,0,0,0,0,0,0,0,0,0,0,0,0,0,0,0,0,0,0,0,0,0,0,0,0,0,0,0,0,0,0,0,0,0,0,0,0,0,0,0,0,0,0,0,1
802,40312,4542,0,0,193.4,7126,5496,24,0,1240,11.8,24,0,0,54366,26568,0,18,6,0,0,20202,195.6,4240,183,194,2,6,24,0,0,0,0,24,0,0,0,2,0,2,3412,23520,8,2,1
1199,60142,6785,0,0,290.1,10640,8208,36,0,1856,17.5,45,0,0,81119,39623,0,36,9,0,0,30106,293.4,6314,274.3,468,3,9,45,0,0,0,0,45,0,0,0,3,0,3,5150,24960,12,3,1
0,0,0,0,0,0,0,0,0,0,0,0,0,0,0,0,0,0,0,0,0,0,0,0,0,0,0,0,0,0,0,0,0,0,0,0,0,0,0,0,0,0,0,0,0,1
399,19999,2257,0,0,96.7,3539,2730,12,0,618,5.8,15,0,0,26974,13173,0,12,3,0,0,10006,97.8,2098,91.4,156,1,3,15,0,0,0,0,15,0,0,0,1,0,1,1710,6720,4,1,1
798,39984,4514,0,0,193.4,7078,5466,24,0,1236,11.6,32,0,0,53930,26338,0,26,6,0,0,19986,195.6,4200,182.6,332,2,6,32,0,0,0,0,32,0,0,0,2,0,2,3446,7500,8,2,1
0,0,0,0,0,0,0,0,0,0,0,0,0,0,0,0,0,0,0,0,0,0,0,0,0,0,0,0,0,0,0,0,0,0,0,0,0,0,0,0,0,0,0,0,0,1
399,19947,2248,0,0,96.6,3528,2729,12,0,617,5.8,16,0,0,26910,13138,0,13,3,0,0,9984,97.8,2100,91,166,1,3,16,0,0,0,0,16,0,0,0,1,0,1,1717,19290,4,1,1
2793,139643,15736,0,0,675.5,24717,19040,84,0,4319,40.6,259,0,0,188405,91987,0,196,28,35,0,69951,683.9,14742,635.6,1792,7,21,252,7,0,0,0,259,0,0,0,7,0,7,12061,178290,28,7,0
0,0,0,0,0,0,0,0,0,0,0,0,0,0,0,0,0,0,0,0,0,0,0,0,0,0,0,0,0,0,0,0,0,0,0,0,0,0,0,0,0,0,0,0,0,1
0,0,0,0,0,0,0,0,0,0,0,0,0,0,0,0,0,0,0,0,0,0,0,0,0,0,0,0,0,0,0,0,0,0,0,0,0,0,0,0,0,0,0,0,0,1
0,0,0,0,0,0,0,0,0,0,0,0,0,0,0,0,0,0,0,0,0,0,0,0,0,0,0,0,0,0,0,0,0,0,0,0,0,0,0,0,0,0,0,0,0,1
0,0,0,0,0,0,0,0,0,0,0,0,0,0,0,0,0,0,0,0,0,0,0,0,0,0,0,0,0,0,0,0,0,0,0,0,0,0,0,0,0,0,0,0,0,1
0,0,0,0,0,0,0,0,0,0,0,0,0,0,0,0,0,0,0,0,0,0,0,0,0,0,0,0,0,0,0,0,0,0,0,0,0,0,0,0,0,0,0,0,0,1
0,0,0,0,0,0,0,0,0,0,0,0,0,0,0,0,0,0,0,0,0,0,0,0,0,0,0,0,0,0,0,0,0,0,0,0,0,0,0,0,0,0,0,0,0,1
1995,99710,11235,0,0,482.8,17645,13570,60,0,3085,29,182,0,0,134508,65665,0,140,17,25,0,49650,488.8,10530,454,1220,5,15,182,0,0,0,0,182,0,0,0,5,0,5,8610,176880,20,5,0
0,0,0,0,0,0,0,0,0,0,0,0,0,0,0,0,0,0,0,0,0,0,0,0,0,0,0,0,0,0,0,0,0,0,0,0,0,0,0,0,0,0,0,0,0,1
399,19589,2220,0,0,96.6,3488,2700,12.1,0,616,5.8,36,0,0,26498,13004,0,28,3,5,0,9800,97.8,2082,91,236,1,3,36,0,0,0,0,36,0,0,0,1,0,1,1702,29850,4,1,1
804,39143,4447,0,0,193.4,6964,5401,24.2,0,1242,11.4,72,0,0,53006,26083,0,56,6,10,0,19683,195.8,4166,182,472,2,6,72,0,0,0,0,72,0,0,0,2,0,2,3371,78150,8,2,1
402,19568,2223,0,0,96.7,3481,2700,12.1,0,621,5.7,36,0,0,26498,13042,0,28,3,5,0,9843,97.9,2084,91,236,1,3,36,0,0,0,0,36,0,0,0,1,0,1,1687,48900,4,1,1
402,19568,2223,0,0,96.7,3481,2700,12.1,0,621,5.7,36,0,0,26498,13042,0,28,3,5,0,9843,97.9,2084,91,236,1,3,36,0,0,0,0,36,0,0,0,1,0,1,1687,48900,4,1,1
398,19491,2218,0,0,96.6,3474,2683,12.1,0,615,5.8,36,0,0,26377,12985,0,28,3,5,0,9799,97.8,2080,91,236,1,3,36,0,0,0,0,36,0,0,0,1,0,1,1686,46590,4,1,1
1087,56159,6385,0,0,289.3,10063,7409,35.1,0,1750,17.5,114,0,0,75322,36763,0,90,9,15,0,27719,293.2,6123,271.8,747,3,9,114,0,0,0,0.011022056,114,0,0,0,3,0,3,4909,400860,12,3,0
360,18559,2104,0,0,96.4,3322,2409,11.5,0,582,5.8,38,0,0,24840,12104,0,30,3,5,0,9116,97.7,2022,90.5,249,1,3,38,0,0,0,0.024629329,38,0,0,0,1,0,1,1620,203010,4,1,1
360,18508,2098,0,0,96.3,3314,2393,11.4,0,582,5.8,38,0,0,24766,12074,0,30,3,5,0,9128,97.6,2020,90.4,249,1,3,38,0,0,0,0.025340834,38,0,0,0,1,0,1,1617,197310,4,1,1
1080,55472,6290,0,0,288.9,9935,7143,34.2,0,1746,17.4,114,0,0,74245,36239,0,90,9,15,0,27416,292.8,6055,271.2,744,3,9,114,0,0,0,0.076529027,114,0,0,0,3,0,3,4848,576240,12,3,0
0,0,0,0,0,0,0,0,0,0,0,0,0,0,0,0,0,0,0,0,0,0,0,0,0,0,0,0,0,0,0,0,0,0,0,0,0,0,0,0,0,0,0,0,0,1
0,0,0,0,0,0,0,0,0,0,0,0,0,0,0,0,0,0,0,0,0,0,0,0,0,0,0,0,0,0,0,0,0,0,0,0,0,0,0,0,0,0,0,0,0,1
646,35835,4243,0,0,192.5,6668,4175,20.8,0,774,17.8,39,0,0,46623,23134,0,31,3,5,0,17775,195.2,4014,180.8,253,2,6,39,0,0,0,0.048503612,39,0,0,0,2,0,2,3230,166440,8,2,1
315,17459,2097,0,0,96.2,3289,2003,10.3,0,368,9.2,1,0,0,22685,11328,0,1,0,0,0,8711,97.5,1981,90.3,7,1,3,1,0,0,0,0,1,0,0,0,1,0,1,1603,61770,4,1,1
1258,69469,8380,0,0,384.4,13121,7874,40.7,0,1405,38.6,7,0,0,90052,45010,0,7,0,0,0,34678,389.6,7912,360.9,46,4,12,7,0,0,0,0.034097428,7,0,0,0,4,0,4,6396,195420,16,4,0
0,0,0,0,0,0,0,0,0,0,0,0,0,0,0,0,0,0,0,0,0,0,0,0,0,0,0,0,0,0,0,0,0,0,0,0,0,0,0,0,0,0,0,0,0,1
0,0,0,0,0,0,0,0,0,0,0,0,0,0,0,0,0,0,0,0,0,0,0,0,0,0,0,0,0,0,0,0,0,0,0,0,0,0,0,0,0,0,0,0,0,1
0,0,0,0,0,0,0,0,0,0,0,0,0,0,0,0,0,0,0,0,0,0,0,0,0,0,0,0,0,0,0,0,0,0,0,0,0,0,0,0,0,0,0,0,0,1
313,17184,2090,0,0,96.1,3273,1936,10.1,0,346,9.8,1,0,0,22266,11180,0,1,0,0,0,8628,97.4,1975,90.2,7,1,3,1,0,0,0,0,1,0,0,0,1,0,1,1596,37530,4,1,1
939,51556,6270,0,0,288.3,9819,5808,30.3,0,1038,29.4,3,0,0,66802,33539,0,3,0,0,0,25883,292.2,5925,270.6,21,3,9,3,0,0,0,0,3,0,0,0,3,0,3,4788,127950,12,3,1
0,0,0,0,0,0,0,0,0,0,0,0,0,0,0,0,0,0,0,0,0,0,0,0,0,0,0,0,0,0,0,0,0,0,0,0,0,0,0,0,0,0,0,0,0,1
0,0,0,0,0,0,0,0,0,0,0,0,0,0,0,0,0,0,0,0,0,0,0,0,0,0,0,0,0,0,0,0,0,0,0,0,0,0,0,0,0,0,0,0,0,1
313,17173,2088,0,0,96.1,3271,1936,10.1,0,346,9.8,1,0,0,22256,11174,0,1,0,0,0,8626,97.4,1975,90.2,7,1,3,1,0,0,0,0,1,0,0,0,1,0,1,1596,42060,4,1,1
313,16813,2051,0,0,96.1,3231,1916,10.2,0,337,9.9,1,0,0,21804,11070,0,1,0,0,0,8597,97.4,1962,90.3,7,1,3,1,0,0,0,0,1,0,0,0,1,0,1,1597,29730,4,1,1
1878,99978,12276,0,0,576.6,19344,11418,61.2,0,2022,59.4,6,0,0,129804,66198,0,6,0,0,0,51396,584.4,11760,541.8,42,6,18,6,0,0,0,0,6,0,0,0,6,0,6,9576,288960,24,6,0
0,0,0,0,0,0,0,0,0,0,0,0,0,0,0,0,0,0,0,0,0,0,0,0,0,0,0,0,0,0,0,0,0,0,0,0,0,0,0,0,0,0,0,0,0,1
0,0,0,0,0,0,0,0,0,0,0,0,0,0,0,0,0,0,0,0,0,0,0,0,0,0,0,0,0,0,0,0,0,0,0,0,0,0,0,0,0,0,0,0,0,1
0,0,0,0,0,0,0,0,0,0,0,0,0,0,0,0,0,0,0,0,0,0,0,0,0,0,0,0,0,0,0,0,0,0,0,0,0,0,0,0,0,0,0,0,0,1
0,0,0,0,0,0,0,0,0,0,0,0,0,0,0,0,0,0,0,0,0,0,0,0,0,0,0,0,0,0,0,0,0,0,0,0,0,0,0,0,0,0,0,0,0,1
313,16663,2046,0,0,96.1,3224,1903,10.2,0,337,9.9,1,0,0,21634,11033,0,1,0,0,0,8566,97.4,1960,90.3,7,1,3,1,0,0,0,0,1,0,0,0,1,0,1,1596,53700,4,1,1
622,32837,4066,0,0,192,6402,3771,20.6,0,674,19.7,2,0,0,42712,21880,0,2,0,0,0,17005,194.8,3910,180.5,14,2,6,2,0,0,0,0,2,0,0,0,2,0,2,3161,162480,8,2,1
309,16315,2025,0,0,96,3187,1875,10.3,0,337,9.8,1,0,0,21231,10887,0,1,0,0,0,8459,97.4,1950,90.2,7,1,3,1,0,0,0,0,1,0,0,0,1,0,1,1573,81990,4,1,1
309,16315,2025,0,0,96,3187,1875,10.3,0,337,9.8,1,0,0,21231,10887,0,1,0,0,0,8459,97.4,1950,90.2,7,1,3,1,0,0,0,0,1,0,0,0,1,0,1,1573,81990,4,1,1
309,16315,2025,0,0,96,3187,1875,10.3,0,337,9.8,1,0,0,21231,10887,0,1,0,0,0,8459,97.4,1950,90.2,7,1,3,1,0,0,0,0,1,0,0,0,1,0,1,1573,81990,4,1,1
0,0,0,0,0,0,0,0,0,0,0,0,0,0,0,0,0,0,0,0,0,0,0,0,0,0,0,0,0,0,0,0,0,0,0,0,0,0,0,0,0,0,0,0,0,1
